-1.608561,0.105946,-1.733777,1.974282,1.974288,0.479673,2.736463,3.948498,4.722114,4.836447,4.767868,1.000000,65.561760
-0.271546,0.523719,-0.989224,-0.683891,-0.683893,0.448073,2.657368,4.19424,5.143066,5.312014,5.301152,0.0,65.113388
0.990986,1.080172,-0.188289,-2.133633,-2.133612,1.946268,3.926253,5.803832,6.952712,7.225431,7.384121,0.0,63.724121
-0.15903,0.447261,-0.874677,-0.29729,-0.297319,1.43326,3.392312,5.45142,6.651433,7.223545,7.440953,0.0,63.534657
-2.486663,0.090605,-2.557127,-1.272244,2.005609,-0.401713,0.843772,2.913457,4.14123,4.877115,5.128005,0.0,64.808914
-0.094477,1.165239,-0.262428,-4.097461,-4.097463,2.756891,4.373334,6.49918,7.925841,8.92327,9.280705,0.0,62.153393
-0.518089,0.475775,-0.581524,-0.713818,-0.713803,2.392532,4.190448,6.343853,8.053998,9.232357,9.665904,0.0,61.70974
1.986039,1.986039,0.0,-1.511956,-1.51197,2.994527,4.94238,6.975668,8.949785,10.31048,10.853598,0.0,60.776707
-1.194406,0.714509,-1.194406,0.66559,0.665599,1.544202,3.439616,5.427695,7.516866,8.911983,9.714073,1.0,61.181236
0.03258,0.879574,-0.206323,-1.791614,-1.791618,1.824302,4.626438,6.456086,8.709359,10.227802,11.239398,0.0,60.085102
0.085042,0.850515,-0.393375,2.139216,2.139211,-0.563467,1.752182,3.615441,5.752529,7.329486,8.500153,1.0,61.370449
0.052646,0.368542,-0.242184,0.967463,0.967485,-1.434151,0.26895,2.030339,4.071822,5.801385,7.080799,1.0,61.964199
2.712121,2.723009,0.0,-3.327369,-3.327365,1.666473,3.082109,4.871509,6.819361,8.765231,10.211474,0.0,59.902424
3.606577,3.606577,-0.068715,-4.868739,-4.868751,5.39729,7.208596,9.169001,11.241295,13.425277,15.007964,0.0,56.985924
-0.69647,0.460581,-1.685004,1.923501,1.923498,2.718502,4.027191,6.395936,8.275175,10.510405,12.144075,1.0,58.082047
0.291566,0.933045,-1.80779,-3.684557,-3.684567,4.707268,6.896441,9.319734,11.429341,13.753053,15.571611,0.0,55.941975
-0.26126,0.318027,-0.863258,2.682532,2.682535,0.397551,3.360974,5.573555,7.645582,9.890526,11.84082,1.0,57.442638
-1.072391,0.067019,-2.669796,1.68105,1.681047,-1.773899,1.246657,3.221409,5.222203,7.286754,9.327321,1.0,58.408276
-0.408388,0.695358,-0.949227,1.206428,1.206449,-2.225175,-0.310159,1.492266,3.374345,5.345829,7.415786,1.0,59.112942
-0.928974,0.907099,-1.639357,0.993387,0.993385,-2.644821,-1.355202,-0.076516,1.972929,3.743422,5.821804,1.0,59.700161
1.725659,1.924781,-0.353972,-1.202196,-1.202215,-0.429189,-0.559717,0.78099,2.656044,4.462414,6.502837,0.0,58.982437
1.55516,1.731209,-0.396134,-1.982293,-1.982287,1.712712,0.733344,2.369839,4.100779,5.906979,7.940535,0.0,57.813236
-0.919601,0.622958,-1.616725,-1.085689,-1.085686,2.401484,1.3639,3.074799,4.671695,6.457901,8.384164,0.0,57.185566
1.031239,1.031239,-0.869175,0.682289,0.682289,1.173568,0.779433,1.958818,3.444885,5.142169,6.994295,1.0,57.575737
0.279168,0.631795,-0.088155,0.265175,0.265167,0.222885,0.451647,1.417013,2.558049,4.409282,6.10952,1.0,57.728409
-0.262201,0.50983,-0.29134,0.866888,0.86689,-0.897306,-0.018935,0.185711,1.339631,3.008217,4.695737,1.0,58.228851
0.129529,0.748412,-0.287858,1.209033,1.20904,-1.701218,-0.960438,-1.354019,-0.106566,1.358188,2.962235,1.0,58.932861
-1.233711,0.152483,-1.400058,3.828434,3.828416,-4.017178,-4.157819,-4.851164,-3.756194,-2.544864,-1.092403,1.0,61.189056
0.211299,0.323994,-0.732493,-1.594124,-1.594112,-1.586139,-2.42244,-2.952452,-2.277454,-1.18677,0.18231,0.0,60.213634
-0.25313,0.379688,-0.787509,0.169042,0.169051,-0.894399,-2.48511,-2.86938,-2.423283,-1.651533,-0.206554,1.0,60.315426
-0.573993,0.097998,-0.601988,0.450006,0.450006,-0.559996,-2.657155,-2.793418,-2.925085,-2.195549,-0.927325,1.0,60.586849
-0.138321,0.539418,-0.23514,1.21798,1.217966,-0.976486,-3.255877,-3.541084,-4.145331,-3.397549,-2.325408,1.0,61.324776
0.625864,0.931847,-0.361618,-0.553252,-0.553232,-0.492362,-2.094592,-2.722742,-3.523284,-2.846445,-1.931722,0.0,60.985508
-0.676139,0.262182,-0.676139,0.792766,0.792744,-0.866554,-2.231261,-3.232312,-3.917423,-3.591843,-2.815056,1.0,61.468967
0.041378,0.496553,-0.37241,0.041395,0.041406,-0.524137,-1.659312,-3.077846,-3.679737,-3.540075,-3.034943,1.0,61.494419
-0.74064,0.423223,-0.806773,4.289657,4.289654,-3.510117,-4.783759,-6.52912,-7.003043,-7.335415,-6.920465,1.0,64.132317
0.849256,0.849256,-0.849257,-0.330644,-0.330641,-2.37792,-3.687636,-5.582099,-6.18784,-6.905604,-6.496409,0.0,63.920269
-0.712496,0.065965,-1.306238,0.570594,0.570597,-1.905269,-3.752477,-5.381542,-6.263009,-7.161088,-6.844998,1.0,64.284996
-0.145639,0.132395,-1.098904,-0.343056,-0.343047,-0.757322,-2.820079,-4.38061,-5.553891,-6.399546,-6.374315,0.0,64.064468
1.168638,1.413237,-0.013581,-2.56852,-2.568549,2.155207,0.078838,-1.358859,-2.846259,-3.654071,-3.781463,0.0,62.418941
0.393115,0.52868,-0.257551,0.2446,0.244629,1.407069,0.151816,-1.136875,-2.796539,-3.465374,-3.952277,1.0,62.571636
-0.188449,0.080761,-0.955713,0.704899,0.704869,0.409221,-0.281314,-1.397212,-3.064328,-3.787471,-4.569085,1.0,63.012684
-0.479361,0.532626,-0.719041,1.090318,1.09033,-0.85752,-0.930753,-2.197951,-3.598529,-4.492915,-5.399665,1.0,63.69973
-0.862642,0.172535,-1.220966,0.332889,0.332904,-1.234253,-0.877247,-2.136701,-3.422701,-4.509466,-5.352329,1.0,63.911789
0.602416,0.829991,-0.38821,-0.862642,-0.862667,-0.07763,0.279803,-0.964729,-2.137867,-3.447455,-4.251038,0.0,63.360443
1.114433,1.114433,-0.366953,-1.499324,-1.499311,1.391675,1.530304,0.737517,-0.313266,-1.758089,-2.448131,0.0,62.410473
1.308102,1.308102,-0.083493,-2.337593,-2.337595,3.142219,3.47342,3.107896,2.238381,0.799333,0.078716,0.0,60.951569
-0.493692,0.397697,-1.631919,1.475086,1.475094,1.044977,1.575695,1.702319,0.805676,-0.364237,-1.190558,1.0,61.850662
-0.068432,0.369503,-0.602166,0.205708,0.205702,0.213491,1.030515,1.548287,0.741072,-0.284658,-1.23931,1.0,61.97789
-0.784789,0.359134,-0.784789,2.887642,2.887643,-2.471402,-1.593511,-1.064113,-1.815642,-2.704443,-3.798508,1.0,63.76759
-0.119021,0.304146,-0.502519,0.585266,0.585255,-2.499333,-1.921446,-1.638891,-2.109885,-2.901871,-4.090181,1.0,64.140793
-0.237155,0.46113,-0.619238,0.370271,0.370271,-1.794461,-2.071141,-1.95432,-2.233853,-2.921732,-4.104077,1.0,64.378288
1.113905,1.113905,-0.132616,-0.645584,-0.645559,-0.495974,-1.393734,-1.350858,-1.365886,-2.117509,-3.127809,0.0,63.962688
1.410321,1.410321,-0.11975,-0.331521,-0.331553,0.391176,-1.090996,-1.055517,-0.858823,-1.569971,-2.482692,0.0,63.750618
0.835983,1.141189,-0.291935,0.266095,0.266117,0.1725,-1.265929,-1.161542,-0.932198,-1.605631,-2.418618,1.0,63.920269
0.361683,0.549224,-0.750175,-0.942143,-0.942146,0.865369,-0.183527,-0.142895,-0.054258,-0.497258,-1.222598,0.0,63.318047
0.931891,1.192264,-0.23297,-2.250504,-2.250501,2.38454,2.26668,2.035533,2.083041,1.830336,1.210994,0.0,61.893074
-1.032454,0.080446,-1.260396,2.206388,2.206387,-0.048275,0.281571,-0.213647,-0.201804,-0.224196,-0.864849,1.0,63.258675
-0.945783,0.306385,-1.33209,0.65701,0.657015,-0.72466,-0.106574,-0.889845,-0.883852,-0.736921,-1.330766,1.0,63.674294
1.369491,1.369491,-0.214827,-0.785929,-0.785948,-0.174534,0.59077,-0.124411,-0.038931,0.155753,-0.39831,0.0,63.173847
1.193541,1.464797,-0.108505,-1.006982,-1.006977,0.591351,1.35766,0.905106,0.97518,1.072563,0.718841,0.0,62.537701
0.299567,1.443352,-0.013619,-0.393328,-0.393331,1.116563,1.422938,1.446992,1.316045,1.367107,1.168306,0.0,62.291721
0.782644,0.782644,-0.398189,-0.83061,-0.830605,1.482904,1.918166,2.288434,2.008787,2.053548,2.058217,0.0,61.774323
0.625169,0.90302,-0.486254,-1.1671,-1.167098,1.822723,2.67991,3.395385,2.979296,3.061401,3.240711,0.0,61.053356
0.196389,0.366597,-1.073578,6.112801,6.112796,-3.545424,-3.101588,-2.456132,-2.843013,-2.729502,-2.537305,1.0,64.785423
-1.205607,0.065526,-1.205607,-0.091646,1.85396,-4.255794,-4.46095,-4.045164,-4.34051,-4.293029,-4.217669,0.0,65.986519
-0.727647,0.03898,-0.727647,0.85179,0.851775,-3.78511,-4.568291,-4.638167,-4.727912,-4.888822,-4.894981,1.0,66.548576
-0.012833,0.603031,-0.52605,1.273393,1.273408,-3.326657,-5.154361,-5.497626,-5.51446,-5.86537,-5.93696,1.0,67.396011
-1.28221,0.161829,-1.680566,3.066461,3.066463,-3.781659,-7.142927,-7.761074,-7.786857,-8.346443,-8.476505,1.0,69.462685
0.024915,0.423618,-0.473467,-0.087141,-0.087155,-2.367301,-6.164505,-7.154032,-7.300484,-7.918279,-8.06127,0.0,69.402145
0.353892,0.404448,-0.240145,-1.420382,-1.420364,-0.250265,-3.953246,-5.319486,-5.652374,-6.2404,-6.451827,0.0,68.416382
1.066429,1.259149,-0.346915,-1.630436,-1.630437,1.626617,-1.617013,-3.214508,-3.871469,-4.309002,-4.688912,0.0,67.300896
-0.320513,0.384619,-0.538459,0.218422,0.218415,1.420517,-0.99025,-3.011371,-3.822608,-4.185606,-4.711395,1.0,67.447891
0.593512,0.618762,-0.517746,1.525644,1.525655,-0.391472,-1.394001,-4.001281,-4.922791,-5.245803,-5.921102,1.0,68.476913
0.163889,0.416039,-0.34039,0.16416,0.164149,-0.791723,-1.001006,-3.632237,-4.738241,-5.119892,-5.821163,1.0,68.589317
-1.929028,0.0,-2.819348,1.954114,1.954108,-2.260412,-2.334607,-4.774572,-6.091349,-6.607292,-7.26783,1.0,69.929626
0.581038,0.766477,-0.815918,0.024726,0.024733,-1.527999,-1.87291,-4.068499,-5.538858,-6.311936,-6.862085,1.0,69.946922
1.761009,1.761009,-0.213834,-1.718382,-1.718384,0.571073,0.038998,-1.715214,-3.48824,-4.395605,-4.899341,0.0,68.744965
-0.602036,0.263388,-0.602036,0.289312,0.289306,0.416408,-0.32484,-1.23575,-3.384486,-4.370094,-4.836885,1.0,68.943848
0.343036,0.724177,-0.736885,-1.279323,-1.279308,1.562692,0.769912,0.365048,-1.773374,-2.887439,-3.393368,0.0,68.061844
0.393707,0.850909,-0.469895,0.038113,0.038112,0.982979,0.68326,0.532552,-1.403228,-2.644225,-3.236942,1.0,68.087784
-0.288768,0.43942,-0.728188,1.155707,1.155696,-0.482107,-0.23854,-0.390872,-2.051795,-3.351041,-4.124841,1.0,68.874672
0.100898,0.617982,-0.365747,-0.451979,-0.451983,-0.083232,0.377105,0.174895,-1.111983,-2.602744,-3.465864,0.0,68.56337
-0.293783,0.421512,-0.740838,-1.261193,-1.261181,0.825134,1.544254,1.280705,0.641904,-1.120917,-2.03845,0.0,67.698662
0.076256,0.228776,-0.597358,0.498147,0.498152,0.317736,0.959575,0.6448,0.38192,-1.325191,-2.322388,1.0,68.035904
-0.893418,0.226502,-1.220588,1.004068,1.00407,-0.495793,-0.220218,-0.326337,-0.417148,-1.946303,-3.031406,1.0,68.719032
0.439927,0.829566,-0.553035,0.113247,0.113255,-0.63098,-0.500264,-0.294131,-0.366403,-1.679005,-2.806603,1.0,68.79686
-0.770573,0.037284,-1.068855,1.131223,1.131187,-1.451631,-1.49389,-1.205548,-1.32424,-2.330279,-3.591126,1.0,69.575081
-0.537702,0.462667,-0.650249,-0.608996,-0.608991,-0.427648,-0.860311,-0.535189,-0.742141,-1.263412,-2.736393,0.0,69.151375
1.355288,1.823942,0.0,-1.275483,-1.275468,0.92717,0.45092,0.7186,0.457254,0.216342,-1.231004,0.0,68.269371
0.554509,0.819158,-0.441081,0.506651,0.506639,0.388161,0.021435,0.083188,-0.034644,-0.135589,-1.433635,1.0,68.61525
-0.659459,0.124422,-0.821207,1.285451,1.285466,-0.684351,-1.158402,-1.230153,-1.145337,-1.233304,-2.338989,1.0,69.497276
-1.208379,0.0,-1.208379,0.908293,0.908286,-1.420469,-1.824904,-1.987666,-1.844016,-1.966457,-2.820956,1.0,70.12851
-0.901238,0.506178,-1.22222,-0.123302,-0.123305,-1.044443,-1.369132,-1.762136,-1.611108,-1.812341,-2.273206,0.0,70.042038
0.524277,1.123456,-0.249653,-1.098764,-1.098757,0.344521,-0.094875,-0.554242,-0.468735,-0.729001,-0.971584,0.0,69.272446
-0.522711,0.161798,-1.045421,0.299584,0.299569,0.293728,-0.283748,-0.717681,-0.798369,-0.964267,-1.099757,1.0,69.479965
-1.1187,0.024865,-1.20571,0.124454,0.124466,0.188937,-0.297081,-0.774806,-0.949034,-0.957113,-1.078098,1.0,69.566444
-0.48423,0.136579,-0.48423,0.111876,0.111876,-0.062086,-0.398564,-0.782222,-0.99516,-0.941645,-1.081037,1.0,69.644272
-0.074632,0.211468,-0.460259,-0.186245,-0.186242,-0.027371,-0.160472,-0.422941,-0.769377,-0.697104,-0.893977,0.0,69.514565
0.185945,0.880128,-0.73137,0.348301,0.348298,-0.235529,-0.29379,-0.604107,-0.992314,-0.974835,-1.221022,1.0,69.756683
0.701793,0.969751,-0.063804,-2.851116,-2.851129,2.187068,2.507344,2.219393,1.889761,1.80376,1.646047,0.0,67.76783
0.539081,0.577586,-0.423568,-0.586958,-0.586944,2.138358,2.796808,2.681716,2.379661,2.251821,2.249597,0.0,67.370071
0.489697,0.489697,-0.347933,-0.397903,-0.397901,1.788659,2.756441,2.846217,2.679766,2.56237,2.640892,0.0,67.102005
0.352303,1.409188,-0.052193,-1.237112,-1.237108,2.085067,3.474679,3.844807,3.858291,3.685796,3.815668,0.0,66.271881
-2.143303,0.398754,-2.255449,4.710335,4.710324,-2.611835,-1.162615,-0.718586,-0.715886,-0.90168,-0.815781,1.0,69.393501
1.070526,1.133502,-0.302264,-1.059188,-1.059177,-1.309829,-0.22419,0.348437,0.342558,0.192433,0.184289,0.0,68.658501
0.796316,1.368667,-0.062216,1.221664,1.221662,-1.888769,-1.438355,-0.862686,-0.818102,-0.980973,-1.04642,1.0,69.497276
0.528181,0.945825,-0.724732,1.294016,1.293996,-2.206106,-2.590581,-2.103746,-2.02677,-2.141743,-2.232313,1.0,70.396568
-0.108995,0.060558,-0.58133,1.424881,1.424903,-2.14364,-3.695052,-3.352314,-3.245738,-3.309199,-3.491186,1.0,71.399651
-0.241231,0.446261,-0.591009,0.411777,0.411754,-1.903257,-3.819794,-3.52349,-3.403682,-3.501619,-3.718078,1.0,71.693642
1.23802,1.23802,-0.060691,-0.627192,-0.627177,-0.55832,-2.724843,-2.749523,-2.609539,-2.750819,-2.962738,0.0,71.243996
1.991343,1.991343,-0.049474,-1.86916,-1.869172,1.454555,-0.508335,-0.864138,-0.724786,-0.83462,-1.064922,0.0,69.912323
-0.197438,0.25913,-1.024188,0.235007,0.235019,1.125366,-0.317129,-1.055447,-0.961256,-1.038502,-1.224911,1.0,70.07663
0.293683,0.489479,-0.293683,0.839092,0.839099,0.075858,-0.524971,-1.77028,-1.74132,-1.776318,-1.906926,1.0,70.664642
0.375992,0.836873,-0.133415,0.893289,0.893291,-0.921776,-1.138876,-2.496062,-2.46938,-2.476172,-2.623009,1.0,71.295883
-0.983399,0.024591,-1.044865,-1.334141,-1.334151,0.162266,0.437619,-0.93341,-1.089116,-1.059123,-1.229253,0.0,70.344688
-0.804785,0.207289,-1.414466,0.811314,0.811326,-0.36094,-0.170724,-1.397401,-1.790037,-1.775405,-1.924575,1.0,70.915413
-1.17867,0.513473,-1.400401,4.487258,4.48725,-3.554674,-3.958459,-5.002532,-5.707204,-5.779442,-5.933019,1.0,74.097565
-0.189182,0.534159,-0.912531,4.866378,4.866385,-6.218567,-7.60406,-8.430159,-9.555985,-9.75741,-9.931385,1.0,77.703438
0.421516,0.809756,-0.299506,0.322725,0.322708,-4.811972,-7.098163,-7.992599,-9.321125,-9.602213,-9.806983,1.0,77.954193
0.975441,1.367869,-0.022429,-1.064892,-1.064877,-2.029379,-5.335807,-6.270517,-7.738543,-8.232769,-8.468447,0.0,77.124077
-0.24499,0.167031,-0.556793,0.683934,0.683928,-0.959911,-4.982183,-6.20713,-7.703232,-8.439646,-8.740167,1.0,77.65155
3.561544,3.561544,-0.691561,-3.385302,-3.38531,2.75704,-0.993536,-2.509598,-3.941325,-4.944669,-5.325029,0.0,75.022804
-0.01143,0.571363,-0.582793,0.864454,0.864453,1.339281,-1.180428,-2.968797,-4.14352,-5.433887,-5.888464,1.0,75.671341
1.825156,1.825156,-0.372007,-1.702668,-1.702655,2.134387,0.946292,-1.047044,-2.147757,-3.547082,-4.029297,0.0,74.382919
-1.273082,0.321137,-1.273082,1.360155,1.36015,0.305078,0.261498,-2.007876,-3.014108,-4.436748,-5.055627,1.0,75.394638
-0.023177,0.173854,-0.776539,-1.043701,-1.043703,0.547057,1.813866,-0.554778,-1.648699,-3.040793,-3.829003,0.0,74.607742
1.43026,1.489365,-0.212766,-1.94715,-1.947134,2.033086,3.706846,1.700543,0.492897,-0.784407,-1.75927,0.0,73.155029
0.297477,0.773442,-0.642552,-0.661935,-0.661944,1.887194,3.705373,2.562268,1.249995,0.228933,-0.959866,0.0,72.670784
-0.071512,0.429023,-0.917656,-0.154685,-0.154687,1.542125,3.122388,2.837162,1.466446,0.558688,-0.677717,0.0,72.558372
0.439633,0.867389,-0.106944,0.297938,0.297928,0.520443,2.218397,2.754283,1.270203,0.48622,-0.743422,1.0,72.774544
-0.429087,0.220335,-0.962543,2.459599,2.4596,-1.904203,-0.649423,0.613867,-0.848888,-1.654178,-2.804512,1.0,74.564507
-0.13931,0.290225,-0.208962,-0.104377,-0.104366,-1.444162,-0.617601,0.75381,-0.44927,-1.331788,-2.372497,0.0,74.486687
-0.67029,0.254248,-0.90142,0.452751,0.452735,-1.312828,-1.178768,0.043158,-0.620002,-1.593423,-2.431513,1.0,74.823914
2.056465,2.056465,0.0,-5.027157,-5.027133,3.489886,3.584803,4.692127,4.623984,3.579934,2.811296,0.0,71.062416
0.535022,0.924127,-0.948442,0.073008,0.072995,2.947473,2.907349,4.05237,4.60178,3.497086,2.851414,1.0,71.114288
-0.728795,0.227004,-0.979689,1.775291,1.775286,0.547199,0.804072,1.751502,2.878146,1.827967,1.189973,1.0,72.37677
0.576503,1.321161,-0.084074,-0.525681,-0.52568,0.386739,1.175836,2.008969,3.275885,2.472738,1.798784,0.0,71.9963
0.877194,0.877194,-0.048734,-1.417247,-1.417255,0.745621,2.391577,3.034447,4.28668,3.96346,3.242374,0.0,70.975929
-0.694106,0.5146,-2.142175,1.803114,1.803116,-0.708467,0.53615,1.013255,2.045249,2.175216,1.439696,1.0,72.255707
-0.185255,0.271707,-0.876867,-3.099566,-3.099571,2.153889,3.358044,3.732259,4.801791,5.42474,4.626007,0.0,70.01609
-0.086741,0.359357,-0.309789,-0.333462,-0.333448,1.752165,3.018587,3.618343,4.588603,5.71252,4.969852,0.0,69.782623
0.274898,1.18706,-0.487317,-0.830233,-0.830225,1.796814,3.11757,4.105119,5.043726,6.314625,5.806567,0.0,69.20327
-0.172095,0.47941,-0.172095,1.64938,1.64937,-0.03442,0.807623,2.195455,2.960668,4.171117,4.074581,1.0,70.344688
-0.049168,0.799117,-0.737642,-0.012295,-0.012298,-0.567981,0.71675,1.997384,2.68565,3.750686,4.041893,0.0,70.336037
-0.400098,0.060616,-1.006306,1.401533,1.401559,-1.576161,-0.646244,0.451801,0.98082,1.991246,2.649508,1.0,71.321838
-0.270604,0.848702,-0.356705,-1.43065,-1.430667,-2e-06,0.500607,1.505527,2.140215,3.053376,4.110285,0.0,70.30146
-0.876233,0.340756,-0.888397,1.070105,1.070102,-0.537904,-0.696117,0.108719,0.910919,1.738837,2.865202,1.0,71.053757
1.438761,1.438761,-0.212684,-2.726053,-2.726057,1.894164,1.817844,2.363738,3.4818,4.210689,5.333838,0.0,69.116791
0.533873,0.737259,-0.851656,-1.576382,-1.576384,2.847349,2.827007,3.705782,4.80616,5.506047,6.534478,0.0,68.027245
0.971,0.971,-0.064728,-1.81772,-1.817716,3.394616,4.247804,5.194202,6.298553,6.944075,7.991115,0.0,66.790703
0.051949,0.415584,-0.272726,-0.310717,-0.310712,2.599994,4.092206,4.941987,6.030515,6.795322,7.77359,0.0,66.583176
0.354187,0.419782,-0.682151,-0.999996,-0.99999,2.077908,4.645141,5.387191,6.451513,7.434854,8.401753,0.0,65.917351
0.200268,1.56208,-0.667557,-1.744721,-1.744727,2.547392,5.642186,6.619487,7.565414,8.854466,9.76546,0.0,64.767273
-0.620054,0.158305,-0.765174,1.201603,1.201601,0.572559,3.656992,4.671061,5.867409,7.134032,8.012749,1.0,65.545517
0.877771,1.276765,-0.226101,-0.804751,-0.804755,0.843204,3.528398,5.007762,6.257482,7.526002,8.357054,0.0,65.018036
-1.144637,0.104061,-1.404779,2.247633,2.24763,-1.404774,0.67769,2.368205,3.478158,4.675869,5.567563,1.0,66.479401
0.169665,0.195764,-0.352395,-0.338182,-0.338162,-0.968429,0.294946,2.418848,3.395963,4.534046,5.578596,0.0,66.254593
0.301564,0.694908,-0.157329,-0.456808,-0.456811,-0.154717,0.275334,2.44482,3.489571,4.475673,5.72352,0.0,65.951935
0.362552,0.699202,-0.258972,1.258694,1.258691,-1.025515,-1.157588,0.816602,1.793336,2.920616,4.121013,1.0,66.782066
-0.354524,0.550119,-0.794622,5.917389,5.917385,-4.938876,-6.12225,-4.871234,-3.842913,-2.850861,-1.792182,1.0,70.733818
-0.03621,0.470615,-0.929172,1.308068,1.308059,-4.720637,-6.626034,-5.973206,-4.953536,-4.145284,-3.195363,1.0,71.659058
0.560334,0.759557,-0.759558,-3.089182,-3.08918,-0.764528,-3.141567,-3.130361,-1.906354,-1.2367,-0.351547,0.0,69.445381
1.661004,1.661004,-0.113255,-1.045943,-1.045928,1.089711,-1.542729,-2.145053,-0.987803,-0.324158,0.405593,0.0,68.719032
-0.062605,1.139346,-0.375614,0.503337,0.503323,1.244523,-1.526228,-2.53495,-1.575683,-1.008137,-0.193648,1.0,69.064911
-0.237523,0.387555,-0.462552,0.150238,0.150235,0.640087,-1.073874,-2.451962,-1.878975,-1.205641,-0.43713,1.0,69.168671
0.907124,0.958222,-0.664363,-2.15027,-2.150258,1.676246,1.27763,-0.200162,0.083683,0.84119,1.519524,0.0,67.681366
0.328899,0.809613,-0.594562,0.996558,0.996558,0.354199,0.585698,-0.947087,-1.10121,-0.203423,0.340282,1.0,68.35585
0.253707,0.83724,-0.735763,-0.278306,-0.278307,0.471896,1.191166,-0.338286,-0.894969,-0.052777,0.482889,0.0,68.165611
1.620364,2.18621,-0.064304,-1.357351,-1.357352,1.311725,2.651744,1.201127,0.410232,1.13837,1.616935,0.0,67.240364
-1.509337,0.230239,-1.841906,0.540121,0.540115,0.304432,1.637251,0.912429,-0.069067,0.375035,0.95208,1.0,67.603539
0.197188,0.670438,-0.985934,-2.6989,-2.698905,2.508226,3.562516,3.640516,2.641655,2.884193,3.549371,0.0,65.778984
1.000267,1.066946,-0.293413,-1.432887,-1.432882,2.912776,4.357161,5.001333,4.050413,3.996264,4.830176,0.0,64.836449
-0.265072,0.410875,-1.047042,0.626826,0.626811,1.375762,3.174307,4.274817,3.438723,3.110956,3.916523,1.0,65.242851
0.254934,0.308605,-0.724542,-1.219348,-1.219327,1.760357,3.731379,5.320449,4.630347,4.161543,4.894671,0.0,64.447327
-1.725249,0.207555,-1.725249,3.434854,3.434848,-1.901672,-0.0895,1.415667,1.279031,0.69478,1.178283,1.0,66.660995
0.788217,1.033729,-0.310114,0.389159,0.389156,-1.940818,-0.59051,0.550464,0.919377,0.324597,0.617657,1.0,66.92041
-0.414186,0.155313,-0.931919,-0.167976,-0.167977,-1.18561,-0.654931,0.45647,1.130601,0.546729,0.575117,0.0,66.807999
-0.713464,0.62429,-0.73894,1.592022,1.592022,-1.959482,-2.25506,-1.200996,-0.312772,-0.84596,-1.062123,1.0,67.871597
0.675155,1.298364,-0.285632,-1.872851,-1.872861,0.558308,-0.485575,0.437998,1.576232,1.10986,0.754802,0.0,66.600456
-5.101188,0.886119,-5.101188,8.42639,8.426414,-5.719089,-7.581141,-7.086587,-6.215434,-6.349428,-6.825139,1.0,72.212486
-2.065068,0.138444,-2.284267,3.79595,3.79594,-7.023537,-9.736966,-9.837717,-9.425472,-9.322102,-9.860404,1.0,74.953629
0.391452,0.652426,-0.59312,-2.745728,-2.745738,-2.728348,-6.083034,-6.877021,-6.631666,-6.39762,-6.996434,0.0,72.895599
-0.131863,0.383601,-0.407571,-1.043897,-1.043876,-0.520268,-4.136906,-5.52786,-5.409981,-5.067376,-5.674904,0.0,72.134659
0.523879,0.950291,-0.353315,-1.606325,-1.606343,2.336752,-1.652043,-3.634662,-3.731111,-3.281183,-3.879948,0.0,70.975929
1.154837,2.309685,-0.483153,3.386938,3.386934,-0.697612,-3.958277,-6.266785,-6.597916,-6.305434,-6.648979,1.0,73.379837
-0.656353,0.400491,-1.023471,5.927407,5.927423,-5.540108,-7.941932,-10.486895,-11.178108,-11.235956,-11.390217,1.0,77.72937
1.311767,1.311767,-0.248785,-1.624206,-1.624202,-3.046484,-5.15889,-7.995032,-9.18128,-9.403149,-9.482081,0.0,76.466888
-0.470125,1.249861,-0.745329,-1.379623,-1.379632,-0.821005,-2.832242,-5.808965,-7.430338,-7.780756,-7.797649,0.0,75.411926
-0.682777,0.246253,-1.096928,2.442377,2.442396,-1.560342,-3.769878,-6.949493,-8.989266,-9.555417,-9.544074,1.0,77.253784
-0.228882,0.0,-0.938429,-2.193865,-2.193859,1.224524,-1.168476,-4.077228,-6.421396,-7.188389,-7.302222,0.0,75.558945
0.411383,1.131297,-0.582793,0.148781,0.148753,0.530235,-1.220427,-3.448745,-5.90675,-6.903892,-7.263166,1.0,75.671341
0.666962,0.955982,-0.822586,2.799677,2.799666,-1.867479,-3.281441,-5.137082,-7.636713,-8.954187,-9.431213,1.0,77.789886
0.429668,0.508816,-1.119409,-1.689637,-1.68963,0.097248,-1.051555,-2.756665,-5.314897,-6.954766,-7.536554,0.0,76.475525
1.312788,1.735166,-0.33105,-0.949801,-0.94979,0.659816,0.527397,-1.019025,-3.66096,-5.613243,-6.355784,0.0,75.749168
-0.187336,0.11708,-1.147411,-2.499993,-2.499981,2.779513,3.169401,1.667234,-0.703684,-2.854486,-3.743139,0.0,73.855453
2.180992,2.265339,-0.433788,-2.833399,-2.83341,4.68731,5.34643,4.335463,2.529221,0.311844,-0.746676,0.0,71.762825
0.357189,1.214435,-0.47625,1.204964,1.204985,2.019274,3.563503,3.068601,1.709113,-0.453407,-1.732368,1.0,72.627556
0.629519,0.804386,-0.058284,2.131207,2.131187,-0.729767,1.235722,1.101268,0.011658,-2.048963,-3.512863,1.0,74.175385
0.339937,0.597822,-0.586098,-0.547914,-0.547915,-0.71972,1.321068,1.910682,1.048532,-1.003867,-2.686281,0.0,73.768967
0.940516,1.105105,-0.376205,-0.293049,-0.29306,-0.510215,1.34612,2.225894,1.436645,-0.338103,-2.130642,0.0,73.55278
-0.107725,0.155592,-0.969485,-1.775212,-1.775201,1.421901,2.703766,3.567522,3.082581,1.757985,-0.06344,0.0,72.24707
-0.428939,0.313004,-0.834687,3.243565,3.243559,-1.238116,-0.951769,0.146075,-0.04231,-1.021559,-2.767213,1.0,74.590446
1.523701,1.523701,-0.880359,2.712724,2.71272,-3.209925,-3.549649,-2.394269,-2.389943,-3.179221,-4.840471,1.0,76.613876
-0.671816,0.246334,-0.671816,0.801354,0.80136,-3.083641,-4.124951,-3.172465,-2.761163,-3.398493,-5.045342,1.0,77.227829
0.260127,0.859536,-0.384524,-0.996529,-0.996522,-1.348116,-2.8195,-2.119433,-1.581091,-2.204028,-3.662446,0.0,76.458237
-0.642946,0.232789,-0.731622,2.02443,2.02442,-1.829064,-3.94745,-3.862094,-3.516233,-3.988021,-5.100315,1.0,78.006073
-0.345594,0.568564,-0.601999,-0.56535,-0.565333,-0.503913,-2.764781,-3.334827,-2.896885,-3.201345,-4.098484,0.0,77.565079
0.11173,0.480447,-0.22346,-0.222962,-0.222975,-0.080446,-2.131844,-3.039848,-2.551953,-2.713294,-3.474113,0.0,77.392128
-0.155038,0.132885,-0.598008,0.893858,0.893874,-0.746414,-2.446307,-3.699534,-3.362142,-3.211089,-3.83907,1.0,78.083916
-0.388153,0.0,-0.82067,-0.14397,-0.143972,-0.215153,-1.738946,-3.208762,-3.068102,-2.835984,-3.454224,0.0,77.971497
0.0,0.178806,-0.715251,-0.765216,-0.765225,0.39115,-0.318512,-1.978845,-2.210555,-2.105055,-2.605429,0.0,77.37484
1.095098,1.240362,-0.178786,0.01117,0.011182,0.332994,0.031279,-1.580076,-2.247747,-2.068621,-2.423,1.0,77.383492
0.288851,0.488829,-0.411069,0.581075,0.581062,-0.133313,-0.389956,-1.835354,-2.725253,-2.509944,-2.74266,1.0,77.833138
0.077067,0.935718,-0.352267,0.922113,0.922116,-0.926898,-1.131655,-2.326433,-3.435708,-3.334653,-3.309847,1.0,78.55085
-0.402753,0.540544,-1.187064,3.863939,3.863938,-3.726547,-4.181237,-5.303656,-6.554318,-6.635294,-6.57163,1.0,81.586006
1.000207,1.808892,-0.085126,-0.392152,-0.392158,-2.389867,-3.402847,-4.190961,-5.601722,-5.992338,-6.058734,0.0,81.26606
-0.493932,0.386558,-0.536884,-0.904454,-0.904446,-0.717277,-2.152901,-2.824725,-4.249437,-4.998174,-5.033107,0.0,80.531052
1.256231,1.256231,-0.335713,-0.848278,-0.84827,0.636771,-1.008233,-1.723346,-3.075055,-4.016466,-4.035454,0.0,79.847931
0.416622,0.630565,-1.159778,-3.822827,-3.822832,4.179708,2.758698,2.145403,0.974549,-0.146832,-0.240966,0.0,76.795479
-0.333773,0.489545,-0.634178,1.204818,1.204809,1.944822,1.503124,1.037689,0.040617,-1.136619,-1.335849,1.0,77.720718
-0.176858,0.320549,-0.408979,0.656435,0.656435,0.504037,0.950595,0.397927,-0.229355,-1.450644,-1.870231,1.0,78.230904
0.210949,0.210949,-0.699454,-0.442137,-0.442136,0.270903,1.463309,0.871179,0.425228,-0.742975,-1.430366,0.0,77.885017
0.129341,1.131713,-0.204789,3.00877,3.008774,-2.563054,-1.201768,-1.839474,-2.282818,-3.340375,-4.153552,1.0,80.228401
0.130183,0.130183,-0.715994,-0.64669,-0.646681,-1.197667,-0.413331,-1.064591,-1.491112,-2.413114,-3.364079,0.0,79.709579
0.525159,0.525159,-0.689283,-0.846168,-0.846177,-0.021884,0.113783,-0.130563,-0.487419,-1.302847,-2.320936,0.0,79.035095
-0.943927,0.033314,-1.288178,-1.477023,-1.477022,1.383674,1.178231,1.408843,0.995556,0.465515,-0.595229,0.0,77.867729
0.132863,0.177151,-1.184677,0.29983,0.299835,1.135959,0.564654,1.166956,0.727963,0.34499,-0.658775,1.0,78.101204
0.156669,0.77216,-0.078335,-1.062886,-1.062893,1.457031,1.311549,2.205311,1.802262,1.457028,0.542001,0.0,77.271072
-0.67515,0.056256,-1.068983,-0.548342,-0.548346,1.271524,1.876901,2.621059,2.283113,1.996627,1.229888,0.0,76.847359
-0.481686,0.728129,-0.851344,0.450089,0.450084,0.340552,1.352091,1.781873,1.774406,1.577699,0.93351,1.0,77.193237
-0.146353,0.168863,-0.742997,-0.492881,-0.49287,0.562868,1.669477,1.899504,2.241919,2.018684,1.631576,0.0,76.812775
-0.593332,0.0,-0.958462,-1.339641,-1.33964,1.316747,2.772706,2.865509,3.524645,3.309904,3.064048,0.0,75.78376
0.0,0.397228,-0.567472,0.536287,0.536286,0.492562,1.694471,1.996744,2.864598,2.69572,2.495741,1.0,76.190178
-0.416427,0.62464,-0.659341,-1.884013,-1.884022,1.862356,2.984395,3.77329,4.585899,4.489543,4.353588,0.0,74.754738
0.414032,0.632551,-0.172506,0.578369,0.578369,0.742964,1.880401,2.951899,3.558953,3.740552,3.697156,1.0,75.187096
0.034187,0.33041,-0.296223,0.943071,0.943061,-0.439772,0.668811,1.784988,2.237686,2.693424,2.635698,1.0,75.896156
-0.352578,0.11018,-0.418692,3.406637,3.406663,-3.032188,-2.599176,-1.517566,-1.261029,-0.63377,-0.706635,1.0,78.481682
-0.197197,0.273883,-0.394392,0.572936,0.572931,-2.890016,-2.943694,-2.188141,-1.881576,-1.144174,-1.207275,1.0,78.931328
0.526196,0.745452,-0.18636,-0.06573,-0.065728,-1.780319,-2.62224,-2.193969,-1.684944,-1.062492,-1.10868,0.0,78.879448
0.353591,0.353591,-0.674034,-0.789302,-0.789302,-0.214368,-1.711607,-1.482141,-0.868513,-0.445529,-0.309764,0.0,78.256851
-0.197651,0.252556,-0.658833,0.629834,0.629826,-0.11419,-2.080815,-2.024081,-1.456019,-1.196438,-0.875513,1.0,78.749733
0.199084,0.37606,-0.265464,-0.724713,-0.724712,0.537552,-1.05962,-1.302218,-0.717842,-0.59551,-0.117982,0.0,78.179024
0.434928,0.847554,-0.256492,-0.8185,-0.818497,1.008144,-0.069142,-0.464666,-0.071928,0.105723,0.693657,0.0,77.539131
-0.68485,0.662762,-0.717996,0.959073,3.758135,-2.259174,-2.980362,-3.77106,-3.645125,-3.338267,-2.874666,1.0,80.453156
-0.274454,0.274454,-0.274454,0.618576,0.618567,-2.19447,-2.864802,-4.053188,-4.119155,-3.772901,-3.497914,1.0,80.950813
-0.032789,0.306043,-0.382554,0.439128,0.439127,-1.993213,-2.624083,-4.104231,-4.326896,-4.042314,-3.918178,1.0,81.30629
0.624031,0.646314,-0.512591,-1.912777,-1.912784,0.312243,-0.566,-1.90254,-2.35775,-2.077464,-2.077101,0.0,79.751076
0.263271,0.263271,-0.526551,1.582356,1.582357,-0.392716,-1.857934,-3.033734,-3.647784,-3.564071,-3.554516,1.0,81.013023
0.361439,0.361439,-0.361448,0.153575,0.153581,-0.376786,-1.730138,-2.657993,-3.531165,-3.641559,-3.524033,1.0,81.137444
1.262457,1.483938,0.0,-1.09529,-1.095287,0.551487,-0.393665,-1.159514,-2.272475,-2.513975,-2.350634,0.0,80.248756
-0.890143,0.119409,-1.042118,2.015504,2.015494,-1.298305,-1.980888,-2.62612,-3.894616,-4.244617,-4.131851,1.0,81.866165
-0.900024,0.195187,-1.019304,0.108552,0.108552,-0.867485,-1.626433,-2.449165,-3.622323,-4.160354,-4.070266,1.0,81.955032
0.605788,0.837099,-0.110143,-1.55064,-1.550631,0.6124,0.312806,-0.767852,-1.825827,-2.481617,-2.540489,0.0,80.684212
-0.272658,0.098154,-0.610759,0.9913,0.991287,-0.290101,-0.54531,-1.528777,-2.376542,-3.211205,-3.424521,1.0,81.484024
0.325383,0.574844,-0.021689,0.556217,0.556222,-0.429497,-0.975049,-1.774016,-2.504631,-3.514995,-3.84066,1.0,81.937256
-0.495956,0.118599,-0.700811,0.596533,0.596536,-0.884099,-1.426416,-2.059153,-2.686671,-3.814746,-4.226543,1.0,82.426041
-0.074137,0.16946,-0.233003,1.800537,1.800541,-2.171153,-2.674223,-3.336089,-4.084378,-5.128585,-5.689723,1.0,83.910156
0.107123,0.385646,-0.203529,-1.133235,-1.133242,-0.501337,-1.324044,-1.792532,-2.742198,-3.714758,-4.380156,0.0,82.959251
0.479545,0.607425,-0.223784,0.524904,0.524912,-0.562662,-1.568629,-2.070192,-2.979333,-3.803118,-4.617754,1.0,83.394714
-0.562786,0.145908,-0.625325,2.248509,2.248509,-1.967693,-3.144349,-3.886054,-4.701655,-5.445568,-6.399542,1.0,85.269852
-0.30105,0.155716,-0.93429,0.396045,0.396045,-1.611134,-3.089388,-3.930247,-4.677052,-5.364805,-6.426334,1.0,85.607559
-1.246628,0.010383,-1.423232,-0.072667,-0.072669,-1.157286,-2.599215,-3.408828,-4.177181,-4.965696,-5.977918,0.0,85.545349
-1.005853,0.092371,-1.416398,1.215456,1.215455,-1.506721,-3.087346,-4.139725,-4.805503,-5.753339,-6.706809,1.0,86.585114
-0.25896,0.238239,-0.486846,-0.913475,-0.913465,-0.039369,-1.691538,-2.894148,-3.616647,-4.562105,-5.41784,0.0,85.794189
-0.165412,0.423856,-0.516903,0.196812,0.196813,-0.074442,-1.416325,-2.641731,-3.514435,-4.390988,-5.185772,1.0,85.963043
0.074635,0.202582,-0.309202,-3.03939,-3.039411,2.516273,1.78485,0.52885,-0.367301,-1.173164,-1.915539,0.0,83.350273
0.389231,1.070391,-0.151368,-1.386078,-1.386065,3.141964,3.006812,1.961292,1.181748,0.411329,-0.386327,0.0,82.194984
-0.663318,0.160481,-0.759601,1.059577,1.059577,1.213224,1.939659,1.08341,0.24446,-0.375312,-1.264828,1.0,83.065903
-0.188147,0.167246,-0.439007,2.353693,2.353693,-1.29612,-0.21323,-0.963729,-1.83234,-2.451344,-3.294524,1.0,85.021019
-0.476485,0.0,-0.787241,0.909379,0.909387,-2.224994,-1.051384,-1.556531,-2.393837,-3.10463,-3.87318,1.0,85.794189
0.831317,0.968113,-0.189415,-1.564121,-1.564132,-0.410392,0.384095,0.167671,-0.689779,-1.415971,-2.12066,0.0,84.452255
0.200403,0.622301,-0.084374,-0.231507,-0.231505,0.310097,0.46409,0.427525,-0.322749,-0.973313,-1.653094,0.0,84.256744
-0.56397,0.010446,-0.56397,0.991459,0.991453,-0.198428,-0.697643,-0.39129,-1.042293,-1.753729,-2.322711,1.0,85.09211
-0.605872,0.146245,-0.678994,-0.020885,-0.020864,-0.165062,-0.761532,-0.238881,-0.81063,-1.548121,-2.121262,0.0,85.074356
0.211123,0.285017,-0.316693,-1.044605,-1.044618,0.506701,0.074947,0.728385,0.369996,-0.321761,-0.959926,0.0,84.185654
0.811975,0.896339,-0.305811,0.105562,0.10557,0.35853,0.079081,0.516706,0.373818,-0.31257,-0.946969,1.0,84.274529
-0.160069,0.256107,-0.512214,-1.181064,-1.181077,1.323241,1.405408,1.536664,1.535596,0.942488,0.378122,0.0,83.279182
-0.140197,0.970553,-0.39901,-1.045775,-1.045763,1.74269,2.397275,2.271821,2.57521,2.092947,1.49537,0.0,82.408279
-0.385969,0.257323,-0.664731,0.582329,0.582313,0.626153,1.547136,1.445995,1.950802,1.569649,0.978176,1.0,82.888153
-0.160361,0.224502,-0.192431,0.289486,0.289507,0.081239,0.93328,0.925796,1.527678,1.333749,0.80214,1.0,83.12812
-0.191022,0.159179,-0.700417,0.737654,0.737644,-0.778948,0.109305,0.217904,0.672819,0.654565,0.138663,1.0,83.74131
-0.15869,0.317396,-0.253912,0.307751,0.307749,-0.91197,-0.228516,0.05361,0.271906,0.349984,-0.087455,1.0,83.999023
0.607352,0.89505,-0.27704,-0.708844,-0.708842,0.034098,0.281304,0.794888,0.797019,1.087696,0.734506,0.0,83.403603
-0.433537,0.158614,-0.433537,0.767184,0.767178,-0.452569,-0.604837,-0.050045,-0.074542,0.348954,0.06909,1.0,84.043457
-0.596322,0.223617,-1.032906,-0.697892,-0.697893,0.325844,0.006391,0.465696,0.477587,0.967312,0.833069,0.0,83.456924
-0.558018,0.155008,-0.599354,3.045461,3.045462,-2.114287,-2.748779,-2.38365,-2.338009,-1.998544,-2.008534,1.0,85.998573
-0.62538,0.090785,-1.31128,2.449108,2.449112,-3.522292,-4.525921,-4.426061,-4.337297,-4.225133,-4.192385,1.0,88.104774
0.519185,0.946759,-0.111982,-0.91789,-0.917884,-1.736749,-3.081551,-3.372362,-3.208801,-3.305309,-3.139237,0.0,87.296074
-0.020358,0.447786,-0.437614,0.03054,0.030545,-1.015683,-2.603307,-3.230216,-3.106564,-3.264818,-3.018871,1.0,87.322739
-0.916685,0.030555,-1.018537,-0.081419,-0.081429,-0.065184,-2.051334,-2.917089,-2.944081,-3.126908,-2.864125,0.0,87.251633
1.139047,1.200622,-0.164183,-0.743535,-0.74354,0.822996,-0.987166,-2.010595,-2.092859,-2.250991,-2.09816,0.0,86.602882
1.134517,1.134517,-0.425444,1.303237,1.303236,-0.559151,-1.835491,-2.932869,-3.15437,-3.256072,-3.274576,1.0,87.731522
1.147074,1.147074,-0.276522,-1.094005,-1.093994,0.419906,-0.361537,-1.52397,-1.986381,-2.015161,-2.197531,0.0,86.771744
-0.389621,0.338359,-0.91254,-0.112659,-0.112667,0.383473,0.054346,-1.121702,-1.783549,-1.828356,-2.05338,0.0,86.673981
-0.459181,0.020405,-1.000003,0.481904,0.481905,-0.134695,-0.008162,-1.292515,-2.087753,-2.239589,-2.479929,1.0,87.091667
0.283054,0.597547,-0.450781,-2.663266,-2.663272,2.165852,2.583089,1.489332,0.620619,0.450371,0.24427,0.0,84.772179
-0.44629,0.24909,-0.529322,1.006394,1.006402,0.655941,1.271408,0.60474,-0.244939,-0.486557,-0.620997,1.0,85.625328
0.20833,0.447917,-0.645836,-0.363257,-0.363251,0.681242,1.408327,1.120826,0.289056,-0.113338,-0.170839,0.0,85.314293
-0.782278,0.132072,-0.985473,2.53125,2.531238,-1.621454,-1.07792,-1.114155,-1.924713,-2.469567,-2.541902,1.0,87.473801
-0.475902,0.151885,-0.475902,0.335266,0.335279,-1.796283,-1.349748,-1.117196,-1.988163,-2.632249,-2.792637,1.0,87.767082
-0.682488,0.0,-0.723234,-0.597412,-0.59742,-0.639703,-0.683507,-0.427827,-1.19843,-1.910968,-2.101793,0.0,87.242744
0.140393,0.451261,-0.290815,1.578897,1.578896,-1.508221,-2.126955,-1.936756,-2.473426,-3.194544,-3.459352,1.0,88.620216
-0.100906,0.282542,-0.44399,-0.621744,-0.62174,-0.266398,-1.367307,-1.264717,-1.598387,-2.331787,-2.742684,0.0,88.069229
0.111472,0.273609,-0.820832,-0.423812,-0.423818,0.208759,-0.830967,-0.816105,-0.971319,-1.696795,-2.229088,0.0,87.695976
-0.606794,0.111247,-1.051781,0.202672,0.202663,0.030351,-0.942544,-0.969512,-0.920294,-1.679598,-2.286933,1.0,87.873703
-0.370633,0.03005,-0.671139,0.960766,0.960783,-0.589011,-1.440457,-1.752989,-1.709915,-2.390873,-3.049859,1.0,88.717979
-0.36441,0.202447,-0.455517,-1.041772,-1.041781,0.269258,-0.155884,-0.713971,-0.692882,-1.190402,-1.857811,0.0,87.793732
0.726267,0.726267,-0.081835,-1.042615,-1.042609,1.051549,1.0761,0.340283,0.329373,0.010633,-0.652283,0.0,86.878387
-0.249352,0.189502,-0.82785,2.557283,2.557283,-1.153007,-1.261723,-1.980189,-2.072616,-2.256139,-2.897138,1.0,89.100113
-0.038821,0.834628,-0.271738,2.77279,2.77278,-3.012415,-3.510282,-4.298649,-4.478838,-4.538814,-5.209622,1.0,91.570663
-0.559793,0.30885,-0.608047,0.553183,0.553184,-2.816326,-3.516066,-4.296234,-4.70707,-4.799918,-5.42933,1.0,92.077217
-0.087991,0.019558,-0.371526,-1.283662,-1.283654,-0.870161,-2.011147,-2.665233,-3.2939,-3.439187,-3.946683,0.0,90.895264
-0.594647,0.118925,-0.842417,-1.349234,-1.349223,1.108014,-0.492581,-1.010255,-1.809727,-2.0127,-2.40008,0.0,89.668884
0.792082,0.792082,-0.217823,0.099106,0.099098,1.154452,-0.36139,-0.938617,-1.735153,-2.001193,-2.284493,1.0,89.757744
-0.138402,0.296555,-0.247133,0.15842,0.158422,0.62277,-0.293602,-0.937139,-1.734391,-2.038365,-2.200155,1.0,89.89994
0.162074,0.352753,-0.238345,3.687223,3.687216,-2.711405,-3.356847,-4.032794,-4.775954,-5.238248,-5.419962,1.0,93.214745
0.764822,1.185467,-0.248568,-0.276481,-0.276481,-1.998081,-2.533457,-3.455702,-4.117588,-4.750667,-4.983745,0.0,92.957024
-0.199467,0.104483,-0.759875,0.650097,0.650086,-1.799001,-2.448697,-3.687933,-4.296152,-5.075598,-5.37423,1.0,93.561325
0.78207,0.982355,-0.343348,-0.408436,-0.408423,-0.661899,-1.610873,-2.900652,-3.59752,-4.407058,-4.776666,0.0,93.179199
0.605708,0.605708,-0.471113,-0.801141,-0.801151,0.688397,-0.723001,-1.787642,-2.566575,-3.403898,-3.820781,0.0,92.432693
-0.049037,0.117677,-0.892422,-1.961351,-1.96134,2.130031,1.102282,0.317083,-0.431014,-1.213302,-1.748885,0.0,90.619774
0.590476,0.830667,-0.060045,-2.010398,-2.010396,3.288625,2.94035,2.450624,1.621793,0.956361,0.306908,0.0,88.797958
0.735594,1.642488,-0.584436,-0.680544,0.79424,1.567925,2.11069,1.838844,0.901141,0.348052,-0.381764,0.0,89.503227
1.235233,1.235233,-0.150375,-6.187021,-6.187019,6.071786,8.155131,8.147509,7.333494,6.79894,6.080597,0.0,83.965645
-0.960396,1.424409,-1.230171,-0.461869,-0.461867,4.445022,7.900549,8.011769,7.574535,7.094002,6.43268,0.0,83.577835
1.06824,1.090037,-0.218004,-1.003561,-1.00355,3.598856,7.728254,8.354294,8.303733,7.961911,7.429705,0.0,82.73909
0.694366,0.694366,-0.253503,-1.100932,-1.100945,3.048604,7.56746,8.821785,9.144854,8.831729,8.470934,0.0,81.828178
0.577518,0.699686,-0.32208,-0.7605,-0.760503,1.794762,6.870285,8.960942,9.631997,9.327669,9.133538,0.0,81.205872
0.908064,1.203185,-0.249717,-2.154601,-2.154594,2.901249,7.496498,10.495969,11.439268,11.320299,11.200349,0.0,79.456215
0.497234,0.858856,-0.124309,0.442679,0.442671,1.503002,5.440848,9.165967,10.211194,10.425429,10.377838,1.0,79.807945
-0.338943,0.338944,-1.049638,3.356313,3.356312,-1.85436,1.030838,4.75393,6.050934,6.537381,6.601313,1.0,82.486549
0.718074,0.784364,-0.475034,-1.027774,-1.027777,-0.881567,1.203058,4.917493,6.585302,7.342148,7.42326,0.0,81.638771
0.111093,0.744285,-0.166623,-0.552364,-0.552364,-0.335477,0.740954,4.484199,6.655,7.657995,7.737393,0.0,81.187828
0.481097,0.824735,-0.229101,-3.021544,-3.021533,2.58647,3.21534,6.516535,9.278011,10.485669,10.714752,0.0,78.734711
-0.114468,0.641022,-0.251834,0.068726,0.068731,2.257314,2.536619,5.288909,8.497835,9.760867,10.254354,1.0,78.788826
1.152903,1.37417,-0.069879,-1.705584,-1.705586,2.729698,3.632223,5.981744,9.362344,10.90967,11.682263,0.0,77.445015
0.163235,0.489688,-1.119271,-0.116462,-0.116472,1.741877,3.174775,5.119123,8.481386,10.338826,11.362666,0.0,77.354813
0.516063,0.586441,-0.387054,-0.594608,-0.594612,1.233882,3.231296,4.654786,8.04657,10.334345,11.596024,0.0,76.894852
0.092199,0.864354,-0.265064,1.771047,1.771041,-0.649978,1.281563,2.347218,5.212888,7.826421,9.192133,1.0,78.256691
0.846961,1.137018,0.0,-0.668428,-0.668425,-0.252927,1.696257,2.534717,4.975411,7.925956,9.333557,0.0,77.733604
-1.366904,0.1253,-2.30095,1.856363,1.856371,-1.63345,-0.575238,0.366024,2.33956,5.24976,6.797797,1.0,79.176628
0.975728,0.975728,-0.371703,-1.936445,-1.936444,0.383318,0.873508,1.98862,3.642123,6.539189,8.337796,0.0,77.643417
0.386963,1.090525,-0.082083,-0.940872,-0.940877,1.341463,1.275802,2.585213,3.808049,6.685279,8.81397,0.0,76.912888
0.256263,1.234719,-0.069886,0.668385,0.668377,0.45429,0.434491,1.729385,2.696578,5.163167,7.560654,1.0,77.426956
-0.023266,0.67457,-1.011866,0.151433,0.151451,0.253535,0.122109,1.38093,2.152234,4.236138,6.866873,1.0,77.54422
-1.543318,0.081841,-2.279898,-0.523382,-0.523393,0.252545,0.609144,1.452126,2.326674,4.085496,6.73445,0.0,77.138359
-1.412298,0.913835,-1.447901,-1.484856,-1.484855,1.329217,1.946354,2.485957,3.485047,4.9803,7.599084,0.0,75.992966
-0.152294,0.726338,-0.28116,1.305482,1.305489,0.042168,0.644322,0.801307,1.877337,2.977034,5.494764,1.0,76.985046
-1.161016,0.152463,-1.36038,-0.10544,-0.105454,0.01174,0.574656,0.749006,1.81894,2.718438,4.900689,0.0,76.903862
-0.446111,0.223061,-0.66917,-0.105544,-0.105536,-0.07044,0.562338,0.684824,1.732215,2.475231,4.334197,0.0,76.822701
0.780045,1.311902,-0.236375,-0.66917,-0.669173,0.385298,0.863965,1.263839,2.012767,2.828511,4.411933,0.0,76.308624
0.116693,0.490089,-0.350053,1.288259,1.288272,-0.555432,-0.464417,-0.029568,0.434067,1.285875,2.587704,1.0,77.291687
-0.128191,0.466147,-0.302989,0.128356,0.128351,-0.578025,-0.530244,-0.114987,0.060015,0.95886,1.934505,1.0,77.390892
-0.200068,0.188297,-0.576672,-0.978903,-0.978906,0.334234,0.349533,0.731235,0.912083,1.809577,2.623277,0.0,76.633308
-1.584564,0.505228,-1.653455,2.494992,2.494992,-1.669534,-1.96578,-1.651929,-1.559879,-0.733032,-0.088411,1.0,78.545303
0.829685,1.348235,-0.553118,-0.35595,-0.355955,-0.818156,-1.471534,-1.378195,-1.155794,-0.594142,0.077979,0.0,78.265717
1.092264,1.231705,-0.615848,-0.829685,-0.829677,0.09528,-0.438069,-0.55543,-0.311996,0.030209,0.734369,0.0,77.616364
-1.011733,0.0,-1.184187,1.069027,1.069019,-0.694413,-1.304899,-1.476969,-1.267535,-1.167625,-0.448379,1.0,78.446098
1.381087,1.381087,-0.152158,-1.770523,-1.770525,1.205526,0.493917,0.266857,0.434225,0.526688,1.2422,0.0,77.05719
-0.429336,0.092831,-0.916687,0.866103,0.866105,0.125321,-0.252956,-0.578632,-0.428752,-0.391272,0.283518,1.0,77.724586
-0.2234,0.17636,-0.764257,-1.311206,-1.311202,1.048791,1.124041,0.704679,0.733093,0.893586,1.364683,0.0,76.70546
0.559392,0.559392,-0.368957,-1.211059,-1.211059,1.801953,2.163772,1.920179,1.8448,2.047132,2.349442,0.0,75.776512
-0.071759,0.023916,-0.705662,-0.487974,-0.487969,1.495029,2.401619,2.28042,2.24434,2.468595,2.595774,0.0,75.406746
0.480539,0.889002,-0.288321,-0.442534,-0.442556,1.417603,2.648983,2.572498,2.542064,2.754461,2.889253,0.0,75.073029
0.193232,0.193232,-1.147349,-0.528586,-0.528569,1.140091,2.676322,2.92592,2.894921,3.136708,3.252409,0.0,74.676216
0.411022,0.95503,-0.157163,-0.096621,-0.096629,0.674568,2.284821,2.873151,2.824593,2.9913,3.225342,0.0,74.604057
0.797193,0.797193,-0.422755,0.084623,0.084635,0.292299,1.80335,2.551831,2.648863,2.744768,3.018069,1.0,74.667198
0.386333,0.386333,-0.748525,0.048316,0.0483,0.05554,1.253176,2.262473,2.446585,2.576852,2.870545,1.0,74.703262
0.01244,0.609449,-0.223882,-2.93372,-2.933706,2.373129,3.686561,4.974288,5.240043,5.405964,5.715582,0.0,72.511688
-0.422986,0.223938,-0.460307,-0.024882,-0.024883,1.796468,2.990795,4.443892,4.967655,5.153522,5.500955,0.0,72.493645
0.074856,0.499065,-0.524016,-0.286135,-0.286144,1.44729,2.674988,4.192144,4.990647,5.186779,5.485967,0.0,72.286209
-0.892416,0.247889,-0.892416,0.661258,0.661267,0.257805,1.586511,3.063127,3.989833,4.318291,4.569489,1.0,72.764214
-0.487336,0.344706,-0.736949,4.276149,4.276156,-3.544518,-2.517539,-1.389126,-0.374426,-0.018073,0.23574,1.0,75.875725
0.913244,0.925255,-0.168228,-1.081655,-1.08166,-1.812068,-1.453981,-0.48867,0.609824,0.976683,1.226463,0.0,75.055008
1.080017,1.350023,-0.159554,-2.090841,-2.090844,0.554735,0.48846,1.251837,2.414084,2.951394,3.204053,0.0,73.485725
-0.383693,0.107909,-0.647483,2.356405,2.356405,-0.980814,-1.743406,-1.211034,-0.146286,0.523259,0.743003,1.0,75.217346
1.756338,1.768709,-0.470002,-3.057559,-3.057566,2.184303,1.115656,1.643382,2.6809,3.453813,3.779849,0.0,72.917526
-0.890513,0.0,-1.141356,-1.385275,-1.385265,2.515986,2.147242,2.746763,3.668624,4.602024,5.002292,0.0,71.907425
-0.100568,0.691383,-0.427409,-0.225762,-0.22576,1.825261,2.27152,2.670011,3.532989,4.566175,5.0002,0.0,71.745087
-0.08881,0.545547,-0.342549,-0.917666,-0.917675,2.093383,3.020813,3.284282,4.024999,5.11495,5.703718,0.0,71.0867
-1.616132,0.117973,-2.123388,7.548842,7.548848,-4.74932,-3.665208,-3.804016,-3.293026,-2.357907,-1.709329,1.0,76.452927
-0.689248,0.175236,-1.051403,0.979121,0.979129,-4.563088,-4.024537,-4.517919,-4.138441,-3.326175,-2.666284,1.0,77.2015
2.600591,2.760059,-0.576538,-4.766356,-4.766371,0.65261,0.458794,0.153756,0.531167,1.244367,2.029777,0.0,73.52179
-0.037664,0.477083,-0.778409,-2.29391,-2.29391,3.040805,2.369119,2.442357,2.666044,3.330576,4.202557,0.0,71.835266
1.528182,1.528182,-0.128427,-2.234776,-2.234771,5.152174,4.245536,4.569153,4.696287,5.265698,6.189802,0.0,70.229912
0.733213,1.131985,-0.128633,-0.166951,-0.16695,3.519426,3.691796,4.537351,4.551072,5.065607,5.979765,0.0,70.112663
1.024696,1.195476,-0.01314,-2.083863,-2.083863,3.231734,5.277192,6.362759,6.338017,6.886492,7.799962,0.0,68.651611
2.175056,2.175056,-0.720654,0.262739,0.262738,1.598534,4.554509,5.40182,5.632865,6.224321,7.051889,1.0,68.831985
-1.124624,1.333852,-1.516939,0.196542,0.196555,0.567533,3.946633,4.606588,5.168682,5.661816,6.450883,1.0,68.967278
-2.458812,1.330792,-2.458812,3.177718,3.177701,-2.268691,0.755389,1.166881,1.835872,2.209889,2.864811,1.0,71.158852
0.354348,0.430276,-1.290809,0.152085,0.152086,-2.093133,-0.125278,0.643726,1.609728,1.867384,2.454239,1.0,71.267075
-2.339894,0.110842,-2.881769,2.758795,2.758813,-3.470451,-3.348532,-2.029565,-1.086215,-0.945821,-0.41216,1.0,73.2332
0.0,0.81482,-0.40741,-0.246302,-0.246321,-2.076536,-3.174068,-1.683121,-1.035178,-0.791598,-0.273656,0.0,73.052811
-0.737642,0.454884,-1.18023,0.419748,0.419751,-1.288414,-3.371027,-1.947374,-1.564413,-1.16006,-0.768371,1.0,73.359451
-0.371558,0.433488,-0.631651,-0.737642,-0.737631,-0.09909,-2.297503,-1.060199,-0.878752,-0.407733,-0.116015,0.0,72.818329
0.317463,1.184372,-0.109895,1.436715,1.43671,-0.810748,-3.173386,-2.695161,-2.374241,-1.732848,-1.564106,1.0,73.864517
0.997912,1.182702,-0.036958,-0.891336,-0.891343,0.073924,-1.680417,-2.183888,-1.476523,-0.824927,-0.745342,0.0,73.206131
0.0,0.412803,-0.17513,-1.515333,-1.515329,1.348509,0.285212,-0.81061,0.052538,0.491367,0.661328,0.0,72.096817
0.12344,0.444391,-0.283919,1.338504,1.338504,-0.071597,-0.478956,-2.008807,-1.178869,-0.94507,-0.643132,1.0,73.061836
1.209327,1.209327,-0.01247,-0.987536,-0.987525,0.792911,0.676964,-0.836978,-0.106604,-0.020455,0.340764,0.0,72.340332
1.469672,1.905591,-0.323829,0.099741,0.099738,0.291437,0.734829,-0.72405,-0.485125,-0.275012,0.246598,1.0,72.412483
1.214574,1.404353,-0.468121,-1.556856,-1.556866,1.338567,2.054657,1.092275,0.67371,1.210527,1.762822,0.0,71.285118
0.024746,1.088576,-0.259771,2.277322,2.27732,-0.69519,-0.237497,-0.785906,-1.609962,-0.988116,-0.638701,1.0,72.908508
-0.282134,0.41708,-0.564277,0.841169,0.841167,-1.398421,-1.047586,-1.200515,-2.315987,-1.717361,-1.537037,1.0,73.52179
0.637343,0.649843,-0.924766,-1.840039,-1.840038,0.402404,0.717328,0.744821,-0.35053,0.184961,0.247863,0.0,72.168961
0.817303,0.817303,-0.402364,-0.612344,-0.612338,0.82987,1.039857,1.408272,0.375958,0.538663,0.703297,0.0,71.727043
0.346104,0.939434,-1.12485,1.722624,1.722615,-0.417801,-0.70457,-0.333742,-1.028426,-1.396288,-0.999996,1.0,72.962624
-0.734283,0.124454,-1.65526,-0.679857,-0.679856,0.141882,0.026143,0.294552,-0.100179,-0.779581,-0.296611,0.0,72.466583
0.462436,1.51231,-0.187478,-0.423144,-0.423126,0.189961,0.326195,0.60991,0.545542,-0.339971,0.146217,0.0,72.159958
-1.26206,0.012376,-1.398166,1.012371,1.012365,-0.616188,-0.603817,-0.391822,-0.343361,-1.192779,-0.774979,1.0,72.89048
0.517541,0.517541,-0.479683,-1.979707,-1.979715,1.312803,1.268619,1.394431,1.682027,0.877558,0.995542,0.0,71.447456
-1.26473,0.471168,-1.611908,1.805101,1.805097,-0.545562,-0.327338,-0.446369,-0.154987,-0.686418,-0.999789,1.0,72.737152
-0.501586,0.232447,-1.198919,1.351514,1.351517,-1.531678,-1.546362,-1.627105,-1.441149,-1.745529,-2.31098,1.0,73.720207
-0.146506,0.708087,-0.488343,0.207984,0.207986,-1.272132,-1.703093,-1.758031,-1.610918,-1.683803,-2.421767,1.0,73.873535
0.638582,0.785951,-0.245606,-0.586014,-0.586,-0.540353,-0.950521,-1.079058,-0.988591,-0.979995,-1.700859,0.0,73.440636
-0.498817,0.336697,-0.972687,-1.522778,-1.522781,1.239547,0.663415,0.442271,0.435829,0.609541,-0.07899,0.0,72.322296
1.452573,1.452573,-0.037892,-1.271984,-1.271985,2.170014,1.741819,1.74729,1.603507,1.803203,1.336781,0.0,71.402367
0.326094,0.326094,-1.279323,0.707345,0.707341,0.948201,0.949452,0.939832,0.876703,1.024451,0.767584,1.0,71.907425
-0.037873,0.492361,-1.30034,-0.652206,-0.652209,0.929184,1.511177,1.408074,1.425327,1.580106,1.544419,0.0,71.438438
-0.389935,0.113203,-0.955977,0.366117,0.366111,0.075481,0.97485,0.994556,1.010698,1.147176,1.199167,1.0,71.699982
-1.986028,0.232931,-1.986028,2.603774,2.603784,-2.125784,-1.2995,-1.401662,-1.474199,-1.435826,-1.264767,1.0,73.566895
0.989491,1.89348,-0.317619,0.355524,0.355517,-1.815293,-1.50134,-1.672772,-1.650989,-1.751281,-1.587669,1.0,73.828438
-0.394964,0.172805,-0.641813,-1.026147,-1.026141,-0.478895,-0.568992,-0.598204,-0.620217,-0.679338,-0.566527,0.0,73.070854
0.733808,0.923578,-0.16447,-2.443836,-2.443842,1.971154,1.558708,1.810056,1.712425,1.709009,1.827346,0.0,71.285118
-0.378028,0.554438,-0.415829,0.404858,0.40486,1.524697,0.888358,1.276882,1.260711,1.256047,1.358786,1.0,71.573723
0.416713,0.669275,-0.378839,-0.214212,-0.214213,1.141556,0.978658,1.49177,1.456622,1.417853,1.462304,0.0,71.420403
0.561145,0.561145,-0.331593,-0.98497,-0.984969,1.267691,1.886234,2.310926,2.307099,2.394587,2.354286,0.0,70.716934
-0.087719,0.42606,-0.350885,1.772732,1.772735,-0.80201,0.120294,0.366746,0.490596,0.55889,0.565574,1.0,71.970558
-0.037438,0.386878,-0.174715,0.413526,0.413514,-0.938462,-0.1772,-0.194669,0.084252,0.07539,0.114826,1.0,72.268166
-1.780563,0.781995,-3.14004,3.731444,3.731456,-3.597213,-3.332536,-3.649347,-3.377652,-3.375366,-3.369833,1.0,74.964821
0.143192,0.536989,-0.155137,0.818094,0.818081,-3.27923,-3.850829,-4.143987,-3.888418,-3.955602,-4.014314,1.0,75.578094
0.519575,1.039151,-0.096667,-1.241051,-1.241043,-1.012568,-2.533833,-2.650234,-2.553165,-2.658772,-2.65829,0.0,74.640137
-0.359793,0.011996,-0.911482,0.749148,0.749159,-0.889908,-2.975537,-3.082278,-3.179422,-3.23723,-3.280567,1.0,75.19931
0.875586,0.875586,-0.316189,-1.37922,-1.379217,1.006921,-1.230707,-1.482035,-1.805922,-1.776007,-1.899158,0.0,74.162148
-0.072207,0.493446,-0.361048,1.045838,1.045831,-0.04573,-1.804065,-2.213662,-2.722347,-2.683353,-2.791349,1.0,74.937759
0.313293,0.566335,-0.301241,-0.120349,-0.120349,-0.120494,-1.227858,-1.981765,-2.436438,-2.384384,-2.535245,0.0,74.847572
0.984747,0.984747,-0.108079,0.337389,0.337387,-0.333849,-0.976339,-2.198468,-2.518311,-2.586763,-2.768101,1.0,75.100098
-0.406315,0.657269,-0.489965,0.492378,0.492375,-0.750475,-0.997848,-2.46574,-2.759917,-2.971317,-3.111852,1.0,75.469872
0.613564,0.673721,-0.120315,-0.669212,-0.669209,0.132333,0.02887,-1.481397,-1.869591,-2.259388,-2.334381,0.0,74.964821
-0.241688,0.181271,-0.50755,-0.445143,-0.445145,0.497885,0.431421,-0.767774,-1.234441,-1.758549,-1.819939,0.0,74.631119
0.135219,0.172096,-0.774428,-1.691845,-1.691855,1.824226,1.858648,1.116996,0.451763,-0.010806,-0.043012,0.0,73.368469
0.423618,0.535759,-0.099679,-1.339884,-1.339888,2.457021,2.930486,2.643916,1.716306,1.401455,1.298291,0.0,72.385414
0.950089,1.114768,-0.367368,-1.644655,-1.644645,2.96934,4.089181,4.287643,3.285406,3.057004,2.873913,0.0,71.194931
0.692786,0.692786,-0.125958,0.570049,0.570038,1.446034,3.141465,3.634393,2.72202,2.481939,2.185009,1.0,71.600769
0.512166,0.512166,-0.422537,-1.624891,-1.624883,1.930857,4.20615,4.917633,4.338035,4.102952,3.730695,0.0,70.43734
0.396426,0.434788,-0.370835,0.12804,0.128049,0.994879,3.460355,4.306052,4.141304,3.797442,3.513214,1.0,70.527534
0.96902,1.109273,-0.229504,0.294121,0.294121,0.232048,2.539838,3.63211,3.837176,3.318115,3.178202,1.0,70.73497
0.076274,0.15254,-0.80081,0.306003,0.305984,-0.142356,1.5902,2.916842,3.448599,2.883454,2.818542,1.0,70.951408
0.765402,0.880218,-0.79092,-0.355916,-0.355913,-0.040815,1.349669,2.95787,3.707117,3.21777,3.150924,0.0,70.698883
-0.699306,0.165285,-0.851874,0.331679,0.331684,-0.231407,0.493322,2.241153,3.080103,2.840435,2.773896,1.0,70.93338
-1.000995,0.312813,-1.676672,1.614744,1.614745,-1.386386,-1.282531,0.360364,1.19933,1.242749,1.071912,1.0,72.078773
0.887083,0.912423,-0.582951,-1.263756,-1.26376,-0.002539,-0.190092,1.276559,2.250667,2.563936,2.240953,0.0,71.16787
-0.523307,0.560674,-0.523307,1.710807,1.710806,-1.288312,-1.704459,-0.711019,0.336412,0.861705,0.489665,1.0,72.385414
4.328613,4.328613,-0.753935,-4.149018,-4.149003,2.604957,2.230589,3.050382,4.335101,5.061217,4.748033,0.0,69.382141
0.193975,0.491397,-0.297432,0.519956,0.519955,1.732824,1.602213,2.050076,3.422982,4.218276,4.118704,1.0,69.742897
0.519347,0.921846,-0.376518,-0.400886,-0.400892,1.389254,1.857961,2.08604,3.451704,4.285645,4.443872,0.0,69.463303
0.33679,0.569951,-0.336781,0.233706,0.233703,0.709851,1.461143,1.583769,2.817362,3.754411,4.148107,1.0,69.625641
0.658822,0.852598,-0.180864,0.27203,0.272036,-0.299709,1.023113,1.176408,2.133434,3.16444,3.76264,1.0,69.815048
-1.693851,0.225847,-1.693851,2.958265,2.958266,-2.469259,-1.715183,-1.704729,-1.015687,0.073273,0.763278,1.0,71.880363
-0.840764,0.501937,-0.840764,-0.012541,-0.012535,-1.864737,-1.572355,-1.55939,-1.195272,-0.084843,0.632437,0.0,71.871353
-0.261755,0.398853,-0.411319,0.677627,0.67762,-1.725044,-2.196191,-2.053272,-1.930085,-0.894936,-0.193202,1.0,72.358368
-0.062338,0.448879,-0.112214,-0.0374,-0.0374,-0.940144,-1.998751,-1.869494,-1.897133,-1.010974,-0.262261,0.0,72.331306
-0.799609,0.33214,-0.799609,1.359107,1.359102,-1.31381,-3.18612,-2.970435,-3.068029,-2.455899,-1.685324,1.0,73.314362
-0.061246,0.661523,-0.379759,0.418251,0.418244,-1.251977,-3.013585,-3.109956,-3.334548,-2.935186,-2.119308,1.0,73.620995
-1.193716,0.34275,-1.347358,3.650624,3.650628,-3.566953,-5.569079,-6.052868,-6.354449,-6.265926,-5.506834,1.0,76.308624
-2.073316,0.103088,-2.073316,3.179296,3.179309,-4.918684,-7.30127,-8.384127,-8.718798,-8.881571,-8.253926,1.0,78.734711
-0.597912,0.344942,-0.724393,-0.378009,-0.378018,-3.001037,-5.826146,-7.418651,-7.881456,-8.227208,-7.763983,0.0,78.43708
1.487719,1.487719,-0.080729,-0.298956,-0.298962,-1.460034,-4.471219,-6.645132,-7.141616,-7.593583,-7.370925,0.0,78.202583
-0.707739,0.208842,-0.846969,-0.599697,-0.599698,0.192602,-3.141891,-5.365661,-6.128898,-6.720499,-6.69335,0.0,77.733604
-0.88606,0.215838,-0.88606,2.134815,2.134827,-1.124619,-4.219021,-6.533383,-7.558223,-8.219021,-8.443718,1.0,79.393082
-0.905377,0.253951,-1.104118,2.885381,2.885372,-3.175443,-5.763496,-8.157223,-9.562766,-10.246658,-10.672039,1.0,81.683868
-1.151628,0.316132,-1.490347,-2.208237,-2.208225,-0.627761,-2.690536,-5.22751,-6.975281,-7.762005,-8.342186,0.0,79.880104
-0.451511,0.74501,-0.643412,0.022576,0.022569,-0.225755,-1.888472,-4.407566,-6.526127,-7.334911,-7.999772,1.0,79.898132
-0.033332,0.644447,-0.133337,1.591606,1.591602,-0.942218,-2.495552,-5.142218,-7.26444,-8.270663,-9.048146,1.0,81.169792
-0.044094,0.363839,-0.518185,0.777774,0.777773,-1.117965,-2.576618,-5.065043,-7.243102,-8.447181,-9.28702,1.0,81.801109
-0.362081,0.329167,-0.735131,0.485118,0.485113,-1.470259,-2.625623,-4.725323,-6.916273,-8.396743,-9.251692,1.0,82.197937
0.054503,0.294339,-0.370657,0.64736,0.647364,-1.415026,-2.733021,-4.500163,-6.72299,-8.426903,-9.352084,1.0,82.730057
-1.010745,1.800378,-1.010745,3.543007,3.543022,-3.442844,-5.190579,-6.80706,-8.989799,-10.940419,-11.88146,1.0,85.661201
-0.063738,0.074365,-1.115473,-0.894932,-0.89494,-1.693403,-3.490916,-5.080207,-7.401464,-9.405289,-10.528346,0.0,84.894585
-2.105598,0.051857,-2.105598,2.42219,2.422204,-2.833746,-4.904073,-6.509024,-8.724216,-10.756162,-12.030235,1.0,86.950905
-0.486926,0.190538,-0.899754,-2.012242,-2.012253,-0.133375,-2.538376,-4.083135,-6.09612,-8.184613,-9.710318,0.0,85.201233
-0.558599,0.590225,-0.77993,0.433996,0.433991,0.099082,-2.294474,-3.941818,-5.728285,-7.835999,-9.539415,1.0,85.570999
-0.856664,0.302968,-0.856664,0.885333,0.885336,-0.624738,-2.407023,-4.157267,-5.801821,-7.879652,-9.794891,1.0,86.32859
-0.393034,0.13809,-0.541748,-1.65065,-1.650655,1.04526,-0.329292,-1.985691,-3.556402,-5.719988,-7.671549,0.0,84.903603
1.897283,2.017227,-0.16356,-2.581262,-2.581259,2.697635,2.421767,0.878858,-0.61389,-2.697633,-4.702504,0.0,82.712021
-0.066063,0.473412,-0.473412,-0.959543,-0.959541,2.891111,3.379939,1.875294,0.543318,-1.288125,-3.272418,0.0,81.918365
-0.358612,0.760709,-0.728102,1.310134,1.310137,0.938926,2.074551,0.807794,-0.482506,-2.05086,-3.986453,1.0,82.991608
1.304301,1.481151,-0.022111,-1.684412,-1.68442,1.507684,3.324863,2.673448,1.43031,0.033162,-1.860283,0.0,81.593681
-0.790654,0.25612,-1.224951,-0.740575,-0.740566,1.298434,3.613579,3.424639,2.388076,1.143421,-0.753164,0.0,80.989426
0.033703,0.337036,-0.31457,-0.879734,-0.879737,1.590831,3.701828,4.216003,3.351866,2.238845,0.476721,0.0,80.276932
-0.279517,0.570209,-0.279517,0.483092,0.48309,0.791592,2.640875,3.588252,2.791813,1.84302,0.336908,1.0,80.664742
-0.861306,0.165637,-1.3803,1.252232,1.25223,-0.77738,0.894439,2.221001,1.630414,0.742053,-0.522671,1.0,81.67485
-0.38331,0.112746,-0.755353,-2.053888,-2.053892,0.904181,2.218723,3.892531,3.767765,2.944315,1.841797,0.0,79.997337
0.348703,0.348703,-0.371206,0.225485,0.225485,0.474692,1.399328,3.266595,3.472444,2.834648,1.885266,1.0,80.177719
0.214716,0.350328,-0.305116,-0.461197,-0.461193,0.822692,1.505258,3.148381,3.82699,3.331905,2.503487,0.0,79.807945
0.375002,0.545458,-0.056822,-0.553733,-0.553736,1.056818,1.748867,3.232579,4.226709,3.790458,3.100761,0.0,79.36602
0.065909,0.439417,-0.12084,3.443181,3.443186,-2.203673,-1.746678,-0.485555,0.718994,0.443808,-0.182359,1.0,82.09874
1.320671,1.560795,-0.611226,0.648142,0.648145,-2.196035,-2.253882,-1.424733,-0.112974,-0.070735,-0.646519,1.0,82.630859
0.262761,0.262761,-0.613091,-0.305618,-0.305616,-1.361946,-1.785638,-1.326912,0.040507,0.294283,-0.154005,0.0,82.378326
-0.033843,0.473826,-0.812276,-2.955985,-2.955991,1.676446,1.16426,1.447805,2.649482,3.256319,2.910274,0.0,79.94323
0.513294,0.935326,-0.114062,-1.094315,-1.094317,2.726137,2.081672,2.329953,3.397402,4.240451,3.938637,0.0,79.068398
0.837159,0.917435,-0.126148,-0.536102,-0.536105,2.401383,2.246565,2.513004,3.514342,4.594504,4.44649,0.0,78.644508
-0.114258,0.434192,-0.239944,0.366972,0.366964,1.090048,1.737902,1.913482,2.667405,3.871131,4.023858,1.0,78.933105
-0.160045,0.445816,-0.468682,-0.045697,-0.045679,0.25376,1.622075,1.783254,2.333667,3.614531,3.975375,0.0,78.897049
0.764689,0.764689,-1.147026,-1.337454,-1.337467,1.072881,2.747082,2.954474,3.408073,4.551046,5.215319,0.0,77.841827
-0.449169,0.283686,-1.028363,-1.98123,-1.981224,2.390069,4.421987,4.654059,5.130026,6.197638,7.084322,0.0,76.299606
-0.046719,0.642367,-0.081757,1.20568,1.205681,0.801207,2.546128,3.022652,3.503849,4.499878,5.570735,1.0,77.219536
-0.060035,0.408207,-0.072035,-2.721329,-0.667858,0.897672,2.462878,3.429069,3.881006,4.700563,5.891275,0.0,76.703819
0.133301,0.751335,-0.181767,-0.924486,-0.924492,1.075337,2.578969,4.027228,4.521716,5.208621,6.488994,0.0,75.994698
-0.565518,0.28877,-0.709907,0.714983,0.714984,0.017107,1.405852,3.003913,3.535457,4.139075,5.279526,1.0,76.538048
-0.09612,0.408503,-0.192242,0.144389,0.144397,-0.036052,0.943931,2.619037,3.124184,3.713906,4.755781,1.0,76.648567
0.207138,0.231512,-0.670163,-1.393732,-1.393742,0.943102,1.965288,3.494527,4.178599,4.787606,5.79582,0.0,75.580284
-0.442751,0.110692,-1.057682,-0.926041,-0.926042,1.399587,2.377128,3.771855,4.810678,5.408438,6.275069,0.0,74.880379
0.096925,0.411917,-0.617885,1.512733,1.512738,-0.106617,0.47211,1.667197,2.974855,3.575781,4.301497,1.0,76.013123
-1.064326,0.17739,-1.064326,2.447295,2.447297,-2.149953,-1.92395,-0.938662,0.390744,0.978067,1.60279,1.0,77.87339
-0.047723,0.72775,-0.131235,-0.875116,-0.875123,-1.14531,-0.942492,-0.226163,1.136217,1.689593,2.29569,0.0,77.191902
-0.1177,0.517894,-0.258947,1.360056,1.360053,-1.791427,-2.141001,-1.599249,-0.467311,0.149605,0.720724,1.0,78.241753
-1.063471,0.237582,-1.108717,4.037194,4.037199,-4.000452,-5.361465,-5.215643,-4.405284,-3.667782,-3.195687,1.0,81.400528
0.431962,0.920766,-0.238717,-0.475165,-0.475157,-2.307613,-4.290106,-4.588934,-4.033109,-3.166589,-2.732519,0.0,81.013748
0.378659,0.642567,-0.091798,-0.932135,-0.932144,-0.794034,-2.925989,-3.49045,-3.110497,-2.23301,-1.818076,0.0,80.258583
0.55003,0.866009,-0.386184,-1.950665,-1.950664,1.56115,-0.73493,-1.367657,-1.206759,-0.322173,0.051705,0.0,78.693008
0.933915,1.137457,-0.023943,-2.258631,-2.258636,3.563227,1.732528,0.885227,0.963796,1.711664,2.157476,0.0,76.915619
-0.09334,0.956715,-0.303351,2.622129,2.622133,0.291683,-0.353516,-1.504295,-1.616006,-1.074627,-0.497755,1.0,78.932449
1.413809,2.055369,-0.439581,-1.796758,-1.796752,1.223709,1.663297,0.428496,0.094855,0.484332,1.208226,0.0,77.514229
0.379505,1.233398,-0.130457,0.178213,0.17821,0.372387,1.453982,0.345508,-0.095406,0.187572,0.935652,1.0,77.652367
0.880265,1.434949,-0.31352,-1.648482,-1.648479,1.446998,3.047143,2.003291,1.583862,1.725616,2.49678,0.0,76.372284
-0.740831,0.185209,-3.099142,-2.339325,-2.339328,3.252255,5.025313,4.35774,3.840599,3.944641,4.616182,0.0,74.585686
1.988779,2.498725,-0.560941,-3.148532,-3.148528,4.755221,7.171078,7.506366,6.907182,6.952994,7.53753,0.0,72.237335
1.208658,1.781173,-0.063607,0.203972,0.203976,3.124679,5.760808,6.953343,6.440197,6.375404,6.858416,1.0,72.384682
0.424633,0.462098,-0.836765,1.870232,1.870229,0.16985,2.934926,4.615955,4.296235,4.199874,4.616123,1.0,73.738441
0.565678,1.081082,-0.226273,-0.649428,-0.649432,-0.025142,2.866118,4.94196,4.746694,4.715017,5.035671,0.0,73.25956
-0.050801,0.342906,-0.241294,-1.018234,-1.018238,0.43181,3.317254,5.494884,5.612782,5.532645,5.834359,0.0,72.513603
0.669793,1.162651,-0.189554,0.4953,0.495292,0.111223,1.97651,4.1948,4.95452,4.802239,5.035542,1.0,72.872757
-0.262762,0.337843,-0.262762,0.998358,0.998369,-0.548048,0.43669,2.493329,3.75313,3.636139,3.757377,1.0,73.600296
0.655734,0.693562,-0.189156,-0.77577,-0.77577,0.035303,0.588901,2.634717,4.232657,4.254221,4.348929,0.0,73.029327
0.459009,0.637511,-0.395253,-1.097103,-1.097094,0.859354,1.130937,3.176496,5.045253,5.16587,5.318534,0.0,72.228127
0.11447,1.20834,-0.203516,0.242258,0.242249,0.585088,0.585091,2.511656,4.388193,4.736195,4.842275,1.0,72.403099
0.218535,0.617041,-0.218535,-1.055714,-1.055709,1.313791,1.574748,2.926679,4.820665,5.672702,5.725237,0.0,71.638733
0.578254,0.668204,-0.346951,0.038564,0.038563,0.735031,1.435361,2.343012,4.128113,5.389357,5.483163,1.0,71.666359
0.835182,0.835182,-0.365391,-1.529174,-1.529172,1.602509,2.561659,3.2633,5.058723,6.612031,6.839357,0.0,70.570457
0.529891,0.828806,-0.54348,-3.954064,-3.954058,4.472822,5.975536,6.669378,8.578797,10.445644,10.801622,0.0,67.78006
-0.756269,0.212281,-1.260455,2.404898,2.404878,1.156966,3.039677,3.667248,5.488264,7.34298,7.903238,1.0,69.410088
-1.714286,0.207797,-1.714286,2.16266,2.162663,-1.189604,0.581826,1.348059,2.689618,4.478968,5.432474,1.0,70.911194
0.171239,0.447845,-0.381982,-1.4026,-1.402587,-0.284514,1.485773,2.554439,3.607083,5.330343,6.641635,0.0,69.916603
1.050394,1.050394,-0.212732,-0.935194,-0.935203,0.279221,1.900019,3.091791,3.979529,5.689673,7.233971,0.0,69.262741
0.566722,0.688169,-0.310355,-1.462569,-1.46258,1.905284,2.82959,4.132607,4.927823,6.646349,8.388894,0.0,68.249718
-0.026888,0.362898,-0.591402,0.391312,0.391319,1.247311,1.861562,3.337816,4.075945,5.740326,7.493283,1.0,68.516792
0.923575,1.338509,-0.254319,0.416663,0.416674,0.214155,1.026631,2.514608,3.394454,4.712618,6.436885,1.0,68.802284
0.134588,0.3903,-0.497985,-0.548783,-0.548787,0.331082,1.110357,2.576038,3.675633,4.759079,6.41094,0.0,68.424706
0.820004,1.102299,-0.29574,0.121125,0.121123,-0.010754,0.686921,2.011922,3.168438,4.098403,5.710447,1.0,68.507584
-1.454447,0.066115,-1.454447,1.666888,1.666888,-1.248178,-0.695489,0.09256,1.217774,2.005558,3.544453,1.0,69.649529
-0.027012,0.243145,-0.715925,-2.11556,-2.115565,0.786174,1.26976,1.842502,3.087268,3.834128,5.355043,0.0,68.176048
-0.950594,0.0,-1.271929,0.891535,0.891543,-0.109793,0.065597,0.665856,1.879094,2.715752,3.932247,1.0,68.783867
0.469429,0.724249,-0.067055,-0.174058,-0.174064,0.134123,0.057675,0.549896,1.697296,2.678116,3.683839,0.0,68.664139
-0.066992,0.334941,-0.294749,0.107297,0.107301,0.093782,-0.125939,0.264379,1.276126,2.277063,3.140408,1.0,68.737816
-0.417955,0.188756,-0.647157,-0.629691,-0.629696,0.334372,0.515039,0.950973,1.63072,2.635034,3.400304,0.0,68.304977
-0.027332,0.437218,-0.368908,-1.321284,-1.321286,1.448287,1.69559,2.104114,2.62058,3.705974,4.429571,0.0,67.402473
0.684833,0.740739,-1.383655,-2.240742,-2.24074,2.895874,3.584904,3.936639,4.536687,5.659259,6.502213,0.0,65.892159
0.609576,1.146589,-0.246733,-3.703705,-3.703702,5.210446,6.785192,7.254955,7.910011,9.083307,10.12917,0.0,63.45171
1.91905,2.278867,0.0,-3.193041,-3.193036,6.299849,9.154422,9.942028,10.724887,11.925638,13.093453,0.0,61.425674
-1.061677,3.809516,-1.186576,-3.973005,-3.97301,7.537858,11.862603,13.443659,14.560494,15.658388,16.965907,0.0,58.985226
3.610673,4.458399,-0.251177,-0.546451,-0.546447,5.149134,10.855568,12.947143,14.273934,15.356981,16.821554,0.0,58.662903
-0.868751,0.186167,-2.652806,1.193089,1.193084,1.709592,7.961529,10.555387,11.953928,13.169721,14.685597,1.0,59.362801
-2.943357,0.356779,-3.047415,4.35929,4.359287,-3.023629,2.368076,5.24058,6.634466,7.815082,9.268133,1.0,61.950596
-0.564212,1.113586,-0.564212,0.118925,0.118935,-2.945808,1.164065,4.418704,5.924272,7.135854,8.546892,1.0,62.024277
-1.261875,1.336106,-2.152608,0.014852,0.014841,-1.977432,0.138068,3.584722,5.407515,6.749409,7.982981,1.0,62.033482
1.321164,1.682919,-0.37748,-5.611637,-5.611632,3.812515,4.580054,8.64737,10.823369,12.354195,13.614341,0.0,58.552391
0.124867,0.280943,-1.451539,0.770679,0.770681,2.896829,2.612766,6.711407,9.145464,10.687683,12.03163,1.0,59.003643
-0.725534,1.204074,-0.725534,1.108161,1.108159,1.000312,0.852118,4.535353,7.21442,8.786665,10.13276,1.0,59.657497
1.447127,1.496464,-0.180891,-6.128432,-6.128427,5.443178,6.467681,9.843769,13.097346,14.941614,16.45562,0.0,56.001431
-0.719756,1.822351,-1.27106,7.383657,7.383647,-2.437977,-0.661561,1.385402,4.529863,6.498623,8.024503,1.0,60.136379
2.780686,3.976684,-0.089695,2.43491,2.434919,-3.76738,-2.545973,-1.652466,1.511435,3.518013,5.034133,1.0,61.600651
-0.044701,1.177173,-0.625837,0.328901,0.328909,-3.176883,-2.470582,-2.415945,0.613905,2.725662,4.198566,1.0,61.803261
-0.122215,0.183323,-0.733266,-2.458653,-0.37137,-2.193547,-2.16824,-2.255526,0.413183,2.663519,4.135325,0.0,61.573742
0.0,0.320609,-0.595418,0.061108,0.061104,-0.432203,-2.295001,-2.295122,-0.226475,2.153102,3.657774,1.0,61.611366
-0.958514,0.224653,-1.123259,1.938927,1.938926,-1.475924,-4.030401,-3.747955,-2.561992,-0.225753,1.397236,1.0,62.805965
-1.521954,0.101464,-1.695895,3.324848,3.324843,-3.631244,-6.141315,-6.20506,-5.890667,-3.638634,-2.051659,1.0,64.894165
-0.673301,1.653977,-0.863579,-0.971152,-0.971147,-1.920377,-4.402323,-4.776801,-5.094445,-2.974981,-1.326509,0.0,64.263947
1.243555,1.577193,-0.257818,-3.483604,-3.483603,1.765236,-0.57014,-1.33185,-1.783973,0.098839,1.891035,0.0,62.025246
-0.466313,0.511427,-1.158249,0.818928,0.818921,1.233453,-0.333253,-2.079047,-2.493198,-1.111119,0.744939,1.0,62.533184
0.228662,0.457323,-1.143293,-1.323714,-1.323712,2.23476,1.258026,-0.800911,-0.964757,-0.212366,1.66726,0.0,61.705425
1.041837,1.27862,-0.173632,-3.429878,-3.429877,4.085244,4.516816,2.838312,2.630381,2.807296,4.797823,0.0,59.589005
-0.766528,0.335361,-1.724685,-1.152327,-1.152328,3.478124,5.242737,4.025697,3.78772,3.531113,5.460312,0.0,58.902344
1.632458,1.632458,-0.177794,-1.1977,-1.197696,3.416839,5.938255,5.119392,4.723348,4.424956,6.139185,0.0,58.196873
1.451668,1.451668,-0.379413,-2.020365,-2.020371,3.61597,7.317721,7.406201,6.444062,6.269252,7.642874,0.0,57.02108
-0.741113,0.707431,-2.071753,-2.062026,-2.062025,3.698839,8.33081,9.155314,8.13113,8.281785,9.165527,0.0,55.845291
-0.47124,0.113747,-1.41372,3.655048,3.655048,-0.545987,3.300293,4.878563,4.260728,4.409938,4.768201,1.0,57.886463
-0.112776,0.757211,-0.982763,0.861227,0.861229,-1.572419,1.411309,3.592718,3.317492,3.451418,3.44501,1.0,58.384998
-3.329687,0.0,-3.486007,3.061062,3.061062,-3.839303,-1.90871,0.360584,0.291583,0.260541,0.190871,1.0,60.172199
-1.3765,0.211767,-1.436994,3.345318,3.345317,-5.291183,-5.13992,-2.826604,-2.457682,-2.974573,-3.011626,1.0,62.18515
-0.870221,0.510122,-0.870221,0.816822,0.816822,-3.87397,-5.750941,-3.625909,-3.044067,-3.718592,-3.600286,1.0,62.693092
0.74191,1.369678,-0.741898,5.161281,5.161277,-6.152082,-9.41503,-8.251287,-7.47438,-7.996507,-7.964185,1.0,65.928856
-2.192855,0.098398,-2.516167,1.498078,1.498086,-4.987351,-9.554402,-9.341207,-8.457972,-8.881455,-8.946334,1.0,66.916527
1.528571,1.528571,-0.442854,-1.602473,-1.602485,-1.717137,-6.919994,-7.478088,-6.64285,-7.021676,-7.266338,0.0,65.8442
1.715896,1.828416,-0.168769,1.571426,1.571435,-1.834038,-6.886076,-8.476324,-7.693389,-7.809588,-8.459082,1.0,66.878899
0.663562,1.637718,-0.324727,-0.379741,-0.379743,-0.279548,-4.913175,-7.635186,-7.054923,-7.06861,-7.88042,0.0,66.624931
0.306196,1.029921,-0.514955,1.440062,1.440065,-1.205289,-4.828114,-8.157736,-8.175365,-8.033735,-8.742702,1.0,67.584373
-0.745555,0.0,-2.399345,2.672233,2.672227,-3.063572,-5.719122,-9.540458,-10.195873,-9.989962,-10.618883,1.0,69.390381
-0.54141,0.338387,-1.258798,0.149112,0.149113,-2.157549,-4.518134,-8.591405,-9.792226,-9.668105,-10.280154,1.0,69.493851
0.730521,0.730521,-0.71699,0.054143,0.054146,-1.447511,-3.513258,-7.441377,-9.337797,-9.261362,-9.680078,1.0,69.531479
-0.175838,0.662786,-0.473418,0.013531,0.013529,-0.622212,-2.541595,-6.140944,-8.78669,-8.886243,-9.241506,1.0,69.540886
1.545247,1.683215,-0.206955,-1.961311,-1.961314,1.539732,-0.262143,-3.256991,-6.332092,-6.870861,-7.104304,0.0,68.176971
-1.505697,0.135647,-1.505697,1.710814,1.710815,-0.181769,-1.5898,-3.830711,-7.154774,-8.144329,-8.304394,1.0,69.343353
0.026535,0.185701,-0.994827,2.265326,2.265327,-1.992306,-3.054781,-4.951142,-8.314762,-9.677675,-9.896536,1.0,70.914207
0.831291,0.831291,-0.27255,-2.666139,-2.666127,0.545101,-0.088588,-1.687116,-4.933913,-6.82748,-7.070507,0.0,69.023544
0.041038,0.30096,-0.670311,-0.381574,-0.381583,0.703148,0.604651,-0.722299,-3.630643,-6.060191,-6.4259,0.0,68.760162
-0.517355,0.966654,-1.824365,0.478795,0.478789,0.487413,0.343096,-0.890395,-3.279095,-5.957788,-6.669382,1.0,69.089378
0.124562,0.429063,-1.051906,-1.63376,-1.633758,1.749481,1.799307,0.858131,-0.968166,-3.862699,-4.937946,0.0,67.960625
-0.596559,0.735293,-1.040511,-0.235291,-0.235291,1.07103,1.789675,1.28838,-0.172035,-3.069371,-4.429803,0.0,67.80072
-1.091765,0.386951,-1.616914,0.388456,0.388455,0.398009,1.18021,1.012529,-0.126452,-2.795468,-4.528746,1.0,68.064095
-1.616632,0.801516,-1.643797,1.727474,1.727472,-1.168319,-0.581441,-0.451025,-1.34968,-3.672326,-5.787256,1.0,69.239883
1.355419,1.560787,-0.342278,-0.774351,-0.774344,-0.509314,0.271079,0.434459,-0.377881,-2.290805,-4.609808,0.0,68.703728
0.068676,0.824071,-0.521904,-0.3149,-0.31491,-0.041195,0.462857,0.663836,0.051512,-1.392108,-3.841955,0.0,68.487373
-0.268468,0.282611,-1.229327,-2.801814,-2.801807,2.469974,2.705951,3.272575,2.989969,1.834678,-0.650933,0.0,66.568489
1.053852,1.38589,-0.635188,-2.119542,-2.119546,3.796742,4.336659,5.06136,5.088067,4.222324,1.916661,0.0,65.157539
0.321029,0.481544,-0.539902,-1.068281,-1.068272,3.434986,4.796433,5.670504,6.055007,5.457458,3.462712,0.0,64.461479
1.864558,1.864558,-0.253577,-2.174227,-2.174227,3.943905,6.169443,7.478114,8.053392,7.619323,6.035692,0.0,63.05994
-0.014842,2.062621,-1.751002,0.522073,0.522068,1.795519,4.896869,6.293713,7.018845,6.837809,5.748133,1.0,63.389156
1.052306,1.160631,-0.82019,-4.110396,-4.110395,4.255644,8.238929,9.73898,10.88981,11.084486,10.314653,0.0,60.783611
-2.322403,0.091082,-2.762597,1.949851,1.949855,1.232547,5.185185,6.881198,8.158773,8.642987,8.193179,1.0,61.968803
1.059685,1.059685,-0.483087,-2.595627,-2.595632,2.5713,6.517068,8.801624,10.280508,11.122958,10.947486,0.0,60.360321
-0.896725,0.231914,-1.144096,0.794767,0.794769,1.032776,4.384661,7.039784,8.807976,9.803337,9.793855,1.0,60.840046
-0.645356,0.691452,-0.72219,0.618432,0.61844,-0.298103,2.555306,5.647397,7.475403,8.594332,8.808632,1.0,61.216305
-0.459493,0.750495,-0.857709,0.322678,0.322667,-0.413537,1.386126,4.614286,6.356258,7.718794,8.218206,1.0,61.41383
0.65116,1.348842,-0.170544,-1.209988,-1.209986,0.378297,1.888375,5.083205,6.970544,8.453955,9.202585,0.0,60.670731
-1.908575,0.569486,-1.93936,0.728684,0.728694,-0.101592,0.603348,3.436448,5.571022,7.117736,8.111937,1.0,61.112835
-0.40619,0.484296,-0.84362,-1.477603,-1.477613,1.187316,1.638806,4.047282,6.416964,8.194967,9.325102,0.0,60.209824
0.243462,0.60055,-0.779094,-3.749416,-3.749413,4.002596,4.659957,6.88849,9.698909,11.623434,12.925927,0.0,57.952309
-0.694893,0.614087,-0.937301,0.438241,0.438241,2.44667,3.760502,5.464337,8.396085,10.263085,11.786787,1.0,58.20628
-0.254897,0.764697,-0.414214,1.438266,1.438267,0.442887,1.793849,3.278635,6.095265,8.023574,9.609682,1.0,59.043442
0.932929,1.415475,-0.466458,-0.955874,-0.955874,0.511503,2.454563,3.593375,6.199132,8.362876,10.036995,0.0,58.479061
0.713587,1.281221,-0.227052,-0.820328,-0.820336,0.580609,2.812203,3.868533,6.154725,8.494329,10.362206,0.0,57.999336
-0.48575,0.518141,-1.068653,0.162176,0.162179,0.466326,2.108167,3.092623,5.088251,7.639254,9.538002,1.0,58.093399
2.723401,2.961706,-0.663828,-4.873702,-4.873695,4.548079,6.226379,7.708364,9.449357,12.246462,14.205951,0.0,55.262104
-1.079878,0.479943,-1.679806,-0.697872,-0.697871,3.764134,5.917033,7.603697,9.281791,12.074041,14.149232,0.0,54.876446
-0.068425,2.001372,-0.581594,0.205689,0.205686,2.281901,4.586042,6.731669,8.196202,10.807388,13.080167,1.0,54.989319
0.682413,1.277339,-0.262471,-2.240843,-2.240842,3.048114,5.783021,8.29979,9.811017,12.235162,14.721485,0.0,53.757095
0.322986,0.843354,-0.466533,-2.484693,-2.484697,3.509784,7.423293,9.940788,11.562895,13.869013,16.656499,0.0,52.421394
-0.071545,0.321946,-1.412987,0.322986,0.322983,2.160621,6.009663,8.468377,10.424795,12.439282,15.316882,1.0,52.590706
-1.643032,0.691804,-2.0927,3.416205,3.416208,-1.39398,1.651678,4.115072,6.080078,7.932897,10.669319,1.0,54.387314
-0.639554,0.754344,-2.03345,5.465237,5.46524,-5.677272,-3.811087,-1.716411,0.321416,1.844538,4.244012,1.0,57.359711
2.294037,2.294037,-0.468858,-2.06625,-2.066252,-2.826526,-2.106497,-0.12168,2.022773,3.503013,5.699931,0.0,56.174515
-0.066958,0.569133,-0.920661,0.033491,0.033492,-1.516575,-2.477404,-0.363802,1.541678,2.95614,4.935271,1.0,56.193329
0.420168,0.537815,-0.974793,-0.401744,-0.401745,0.087397,-1.957981,-0.22857,1.464707,3.027228,4.727172,0.0,55.967575
-0.813281,0.514524,-1.145227,1.260504,1.260507,-0.351867,-2.861412,-1.749379,-0.151038,1.370953,2.92448,1.0,56.67305
-1.603523,0.047159,-1.603523,5.576765,5.576764,-4.788555,-7.182834,-6.788242,-5.53215,-4.018866,-2.770006,1.0,59.833572
0.172849,0.91138,-0.01571,0.047159,0.047161,-3.601507,-6.206788,-6.624764,-5.605751,-4.129477,-2.993924,1.0,59.86179
-0.70388,3.388443,-6.105744,-4.006912,-4.006912,0.864297,-1.414309,-2.800241,-1.708137,-0.388936,0.711517,0.0,57.463181
0.473001,0.864458,-0.342526,0.360126,0.360125,1.092806,-0.887295,-2.870658,-2.107325,-1.006037,0.170171,1.0,57.67012
0.84943,1.598932,-0.066624,-2.07144,-2.071442,3.161226,1.578948,-0.627359,-0.263991,0.790806,1.964801,0.0,56.475517
-0.333446,0.866956,-0.866957,-0.099935,-0.099934,2.054019,1.513839,-0.359008,-0.346782,0.558853,1.833945,0.0,56.419079
